date,annual_rate
2005-01-03,0.0232
2005-01-04,0.0233
2005-01-05,0.0233
2005-01-06,0.0231
2005-01-07,0.0232
2005-01-10,0.0236
2005-01-11,0.0234
2005-01-12,0.0234
2005-01-13,0.0235
2005-01-14,0.0237
2005-01-18,0.0239
2005-01-19,0.0237
2005-01-20,0.0235
2005-01-21,0.0236
2005-01-24,0.0237
2005-01-25,0.0239
2005-01-26,0.0241
2005-01-27,0.0244
2005-01-28,0.0246
2005-01-31,0.0251
2005-02-01,0.0251
2005-02-02,0.0251
2005-02-03,0.0248
2005-02-04,0.0247
2005-02-07,0.0251
2005-02-08,0.0249
2005-02-09,0.0251
2005-02-10,0.0251
2005-02-11,0.0255
2005-02-14,0.0259
2005-02-15,0.0259
2005-02-16,0.0257
2005-02-17,0.0258
2005-02-18,0.0261
2005-02-22,0.0267
2005-02-23,0.0267
2005-02-24,0.0269
2005-02-25,0.0274
2005-02-28,0.0276
2005-03-01,0.0275
2005-03-02,0.0274
2005-03-03,0.0276
2005-03-04,0.0276
2005-03-07,0.0276
2005-03-08,0.0275
2005-03-09,0.0276
2005-03-10,0.0275
2005-03-11,0.0276
2005-03-14,0.028
2005-03-15,0.0281
2005-03-16,0.028
2005-03-17,0.0279
2005-03-18,0.0281
2005-03-21,0.0285
2005-03-22,0.0289
2005-03-23,0.0283
2005-03-24,0.0284
2005-03-28,0.0284
2005-03-29,0.0284
2005-03-30,0.0283
2005-03-31,0.0279
2005-04-01,0.028
2005-04-04,0.028
2005-04-05,0.0279
2005-04-06,0.0276
2005-04-07,0.0277
2005-04-08,0.0279
2005-04-11,0.0276
2005-04-12,0.0276
2005-04-13,0.0277
2005-04-14,0.0278
2005-04-15,0.0279
2005-04-18,0.029
2005-04-19,0.0291
2005-04-20,0.0287
2005-04-21,0.0288
2005-04-22,0.0293
2005-04-25,0.0293
2005-04-26,0.0291
2005-04-27,0.0289
2005-04-28,0.0288
2005-04-29,0.029
2005-05-02,0.0293
2005-05-03,0.0291
2005-05-04,0.0287
2005-05-05,0.0281
2005-05-06,0.0287
2005-05-09,0.0291
2005-05-10,0.029
2005-05-11,0.0287
2005-05-12,0.0288
2005-05-13,0.0283
2005-05-16,0.0289
2005-05-17,0.0288
2005-05-18,0.0286
2005-05-19,0.0287
2005-05-20,0.029
2005-05-23,0.0297
2005-05-24,0.0294
2005-05-25,0.0295
2005-05-26,0.0294
2005-05-27,0.0297
2005-05-31,0.0299
2005-06-01,0.0297
2005-06-02,0.0297
2005-06-03,0.0301
2005-06-06,0.0302
2005-06-07,0.0302
2005-06-08,0.0302
2005-06-09,0.0299
2005-06-10,0.0301
2005-06-13,0.0303
2005-06-14,0.0301
2005-06-15,0.03
2005-06-16,0.0298
2005-06-17,0.0299
2005-06-20,0.0302
2005-06-21,0.0302
2005-06-22,0.0303
2005-06-23,0.0307
2005-06-24,0.0309
2005-06-27,0.0315
2005-06-28,0.0314
2005-06-29,0.0313
2005-06-30,0.0313
2005-07-01,0.0317
2005-07-05,0.0322
2005-07-06,0.0319
2005-07-07,0.0315
2005-07-08,0.0317
2005-07-11,0.0319
2005-07-12,0.0321
2005-07-13,0.0322
2005-07-14,0.0323
2005-07-15,0.0326
2005-07-18,0.033
2005-07-19,0.0331
2005-07-20,0.033
2005-07-21,0.0335
2005-07-22,0.0338
2005-07-25,0.0344
2005-07-26,0.0343
2005-07-27,0.034
2005-07-28,0.0341
2005-07-29,0.0342
2005-08-01,0.0348
2005-08-02,0.0349
2005-08-03,0.0346
2005-08-04,0.0347
2005-08-05,0.0352
2005-08-08,0.0354
2005-08-09,0.0352
2005-08-10,0.0351
2005-08-11,0.0351
2005-08-12,0.0352
2005-08-15,0.0354
2005-08-16,0.0354
2005-08-17,0.0352
2005-08-18,0.035
2005-08-19,0.0352
2005-08-22,0.0353
2005-08-23,0.0353
2005-08-24,0.0353
2005-08-25,0.0354
2005-08-26,0.0355
2005-08-29,0.0354
2005-08-30,0.0354
2005-08-31,0.0352
2005-09-01,0.0348
2005-09-02,0.0346
2005-09-06,0.0352
2005-09-07,0.0349
2005-09-08,0.0348
2005-09-09,0.0349
2005-09-12,0.0351
2005-09-13,0.0347
2005-09-14,0.0342
2005-09-15,0.0345
2005-09-16,0.035
2005-09-19,0.0358
2005-09-20,0.0361
2005-09-21,0.0341
2005-09-22,0.0347
2005-09-23,0.0348
2005-09-26,0.0352
2005-09-27,0.0349
2005-09-28,0.0346
2005-09-29,0.0354
2005-09-30,0.0355
2005-10-03,0.0361
2005-10-04,0.0363
2005-10-05,0.0358
2005-10-06,0.0361
2005-10-07,0.0363
2005-10-11,0.0373
2005-10-12,0.037
2005-10-13,0.0375
2005-10-14,0.0378
2005-10-17,0.0386
2005-10-18,0.0385
2005-10-19,0.0386
2005-10-20,0.0385
2005-10-21,0.0387
2005-10-24,0.0392
2005-10-25,0.0393
2005-10-26,0.039
2005-10-27,0.0388
2005-10-28,0.0393
2005-10-31,0.0398
2005-11-01,0.0396
2005-11-02,0.0394
2005-11-03,0.0394
2005-11-04,0.0398
2005-11-07,0.0396
2005-11-08,0.0396
2005-11-09,0.0399
2005-11-10,0.0397
2005-11-14,0.0402
2005-11-15,0.0401
2005-11-16,0.04
2005-11-17,0.0401
2005-11-18,0.0401
2005-11-21,0.04
2005-11-22,0.0393
2005-11-23,0.0395
2005-11-25,0.0395
2005-11-28,0.0398
2005-11-29,0.0398
2005-11-30,0.0395
2005-12-01,0.0397
2005-12-02,0.0399
2005-12-05,0.0404
2005-12-06,0.0404
2005-12-07,0.0403
2005-12-08,0.0394
2005-12-09,0.0394
2005-12-12,0.039
2005-12-13,0.0391
2005-12-14,0.0389
2005-12-15,0.0393
2005-12-16,0.0393
2005-12-19,0.0396
2005-12-20,0.0395
2005-12-21,0.0398
2005-12-22,0.0398
2005-12-23,0.0399
2005-12-27,0.0398
2005-12-28,0.0395
2005-12-29,0.0401
2005-12-30,0.0408
2006-01-03,0.0416
2006-01-04,0.0419
2006-01-05,0.042
2006-01-06,0.0422
2006-01-09,0.0423
2006-01-10,0.0429
2006-01-11,0.043
2006-01-12,0.0432
2006-01-13,0.0433
2006-01-17,0.0438
2006-01-18,0.0435
2006-01-19,0.0435
2006-01-20,0.0435
2006-01-23,0.0438
2006-01-24,0.044
2006-01-25,0.0442
2006-01-26,0.0445
2006-01-27,0.0445
2006-01-30,0.0448
2006-01-31,0.0447
2006-02-01,0.0447
2006-02-02,0.0448
2006-02-03,0.0448
2006-02-06,0.0448
2006-02-07,0.0449
2006-02-08,0.045
2006-02-09,0.0452
2006-02-10,0.0453
2006-02-13,0.0455
2006-02-14,0.0455
2006-02-15,0.0455
2006-02-16,0.0455
2006-02-17,0.0454
2006-02-21,0.0456
2006-02-22,0.0457
2006-02-23,0.0459
2006-02-24,0.046
2006-02-27,0.0462
2006-02-28,0.0462
2006-03-01,0.046
2006-03-02,0.0462
2006-03-03,0.0462
2006-03-06,0.046
2006-03-07,0.046
2006-03-08,0.0458
2006-03-09,0.046
2006-03-10,0.0462
2006-03-13,0.0461
2006-03-14,0.0459
2006-03-15,0.0463
2006-03-16,0.0462
2006-03-17,0.0464
2006-03-20,0.0466
2006-03-21,0.0469
2006-03-22,0.0469
2006-03-23,0.0467
2006-03-24,0.0465
2006-03-27,0.0463
2006-03-28,0.0465
2006-03-29,0.0463
2006-03-30,0.0461
2006-03-31,0.0463
2006-04-03,0.0467
2006-04-04,0.0468
2006-04-05,0.0467
2006-04-06,0.0468
2006-04-07,0.0469
2006-04-10,0.0469
2006-04-11,0.047
2006-04-12,0.047
2006-04-13,0.047
2006-04-17,0.0472
2006-04-18,0.0472
2006-04-19,0.0473
2006-04-20,0.0473
2006-04-21,0.0475
2006-04-24,0.0475
2006-04-25,0.0479
2006-04-26,0.0479
2006-04-27,0.0478
2006-04-28,0.0477
2006-05-01,0.0482
2006-05-02,0.0481
2006-05-03,0.0482
2006-05-04,0.048
2006-05-05,0.0483
2006-05-08,0.0487
2006-05-09,0.0488
2006-05-10,0.0488
2006-05-11,0.0482
2006-05-12,0.0485
2006-05-15,0.0486
2006-05-16,0.0483
2006-05-17,0.0483
2006-05-18,0.0483
2006-05-19,0.0482
2006-05-22,0.0483
2006-05-23,0.0484
2006-05-24,0.0482
2006-05-25,0.0482
2006-05-26,0.0484
2006-05-30,0.0484
2006-05-31,0.0486
2006-06-01,0.0483
2006-06-02,0.0481
2006-06-05,0.0485
2006-06-06,0.0486
2006-06-07,0.0486
2006-06-08,0.0487
2006-06-09,0.0488
2006-06-12,0.0493
2006-06-13,0.0489
2006-06-14,0.049
2006-06-15,0.0485
2006-06-16,0.0488
2006-06-19,0.0493
2006-06-20,0.0492
2006-06-21,0.0492
2006-06-22,0.0492
2006-06-23,0.0498
2006-06-26,0.0503
2006-06-27,0.0505
2006-06-28,0.0501
2006-06-29,0.0501
2006-06-30,0.0501
2006-07-03,0.0508
2006-07-05,0.0501
2006-07-06,0.05
2006-07-07,0.0502
2006-07-10,0.0506
2006-07-11,0.0505
2006-07-12,0.0506
2006-07-13,0.0505
2006-07-14,0.0506
2006-07-17,0.0511
2006-07-18,0.0513
2006-07-19,0.0511
2006-07-20,0.0508
2006-07-21,0.051
2006-07-24,0.051
2006-07-25,0.0513
2006-07-26,0.0511
2006-07-27,0.051
2006-07-28,0.0507
2006-07-31,0.051
2006-08-01,0.0512
2006-08-02,0.051
2006-08-03,0.0511
2006-08-04,0.0509
2006-08-07,0.0512
2006-08-08,0.051
2006-08-09,0.0507
2006-08-10,0.0505
2006-08-11,0.0507
2006-08-14,0.0512
2006-08-15,0.051
2006-08-16,0.0507
2006-08-17,0.0509
2006-08-18,0.051
2006-08-21,0.0511
2006-08-22,0.051
2006-08-23,0.0509
2006-08-24,0.0509
2006-08-25,0.0511
2006-08-28,0.051
2006-08-29,0.0507
2006-08-30,0.0505
2006-08-31,0.0505
2006-09-01,0.0502
2006-09-05,0.05
2006-09-06,0.0497
2006-09-07,0.0497
2006-09-08,0.0493
2006-09-11,0.0493
2006-09-12,0.049
2006-09-13,0.0491
2006-09-14,0.0495
2006-09-15,0.0496
2006-09-18,0.0494
2006-09-19,0.0494
2006-09-20,0.0493
2006-09-21,0.0492
2006-09-22,0.0493
2006-09-25,0.0488
2006-09-26,0.0488
2006-09-27,0.0488
2006-09-28,0.0487
2006-09-29,0.0489
2006-10-02,0.0488
2006-10-03,0.049
2006-10-04,0.0493
2006-10-05,0.0494
2006-10-06,0.0495
2006-10-10,0.05
2006-10-11,0.0502
2006-10-12,0.0506
2006-10-13,0.0505
2006-10-16,0.0509
2006-10-17,0.0509
2006-10-18,0.0509
2006-10-19,0.051
2006-10-20,0.0509
2006-10-23,0.0512
2006-10-24,0.0513
2006-10-25,0.0512
2006-10-26,0.0512
2006-10-27,0.0511
2006-10-30,0.051
2006-10-31,0.0508
2006-11-01,0.0507
2006-11-02,0.0507
2006-11-03,0.0509
2006-11-06,0.0509
2006-11-07,0.0508
2006-11-08,0.051
2006-11-09,0.0509
2006-11-10,0.051
2006-11-13,0.0509
2006-11-14,0.0509
2006-11-15,0.0509
2006-11-16,0.0509
2006-11-17,0.0509
2006-11-20,0.0508
2006-11-21,0.0507
2006-11-22,0.0505
2006-11-24,0.0504
2006-11-27,0.0505
2006-11-28,0.0504
2006-11-29,0.0504
2006-11-30,0.0503
2006-12-01,0.0503
2006-12-04,0.0501
2006-12-05,0.0499
2006-12-06,0.0499
2006-12-07,0.0498
2006-12-08,0.0497
2006-12-11,0.0493
2006-12-12,0.0493
2006-12-13,0.0494
2006-12-14,0.0496
2006-12-15,0.0491
2006-12-18,0.0496
2006-12-19,0.0496
2006-12-20,0.0496
2006-12-21,0.0497
2006-12-22,0.0499
2006-12-26,0.0499
2006-12-27,0.0497
2006-12-28,0.05
2006-12-29,0.0502
2007-01-02,0.0507
2007-01-03,0.0505
2007-01-04,0.0504
2007-01-05,0.0505
2007-01-08,0.0508
2007-01-09,0.0508
2007-01-10,0.0509
2007-01-11,0.0511
2007-01-12,0.0509
2007-01-16,0.0511
2007-01-17,0.0512
2007-01-18,0.0512
2007-01-19,0.0514
2007-01-22,0.0513
2007-01-23,0.0514
2007-01-24,0.0513
2007-01-25,0.0514
2007-01-26,0.0513
2007-01-29,0.0514
2007-01-30,0.0513
2007-01-31,0.0512
2007-02-01,0.0513
2007-02-02,0.0514
2007-02-05,0.0515
2007-02-06,0.0514
2007-02-07,0.0515
2007-02-08,0.0516
2007-02-09,0.0515
2007-02-12,0.0518
2007-02-13,0.0517
2007-02-14,0.0516
2007-02-15,0.0517
2007-02-16,0.0517
2007-02-20,0.0519
2007-02-21,0.0518
2007-02-22,0.0519
2007-02-23,0.0518
2007-02-26,0.0519
2007-02-27,0.0514
2007-02-28,0.0516
2007-03-01,0.0515
2007-03-02,0.0512
2007-03-05,0.051
2007-03-06,0.0514
2007-03-07,0.0512
2007-03-08,0.051
2007-03-09,0.051
2007-03-12,0.0509
2007-03-13,0.0509
2007-03-14,0.0506
2007-03-15,0.0505
2007-03-16,0.0504
2007-03-19,0.0506
2007-03-20,0.0506
2007-03-21,0.0505
2007-03-22,0.0506
2007-03-23,0.0508
2007-03-26,0.0506
2007-03-27,0.0508
2007-03-28,0.0506
2007-03-29,0.0505
2007-03-30,0.0504
2007-04-02,0.0504
2007-04-03,0.0505
2007-04-04,0.0507
2007-04-05,0.0504
2007-04-06,0.0505
2007-04-09,0.0502
2007-04-10,0.0503
2007-04-11,0.0504
2007-04-12,0.0503
2007-04-13,0.0502
2007-04-16,0.0501
2007-04-17,0.0501
2007-04-18,0.05
2007-04-19,0.0499
2007-04-20,0.0499
2007-04-23,0.0498
2007-04-24,0.0498
2007-04-25,0.0497
2007-04-26,0.0496
2007-04-27,0.0495
2007-04-30,0.0491
2007-05-01,0.049
2007-05-02,0.0491
2007-05-03,0.049
2007-05-04,0.049
2007-05-07,0.0489
2007-05-08,0.049
2007-05-09,0.0488
2007-05-10,0.0487
2007-05-11,0.0487
2007-05-14,0.0485
2007-05-15,0.0483
2007-05-16,0.0475
2007-05-17,0.0481
2007-05-18,0.0484
2007-05-21,0.0488
2007-05-22,0.0493
2007-05-23,0.0491
2007-05-24,0.0491
2007-05-25,0.0488
2007-05-29,0.049
2007-05-30,0.0485
2007-05-31,0.0473
2007-06-01,0.0479
2007-06-04,0.0481
2007-06-05,0.0483
2007-06-06,0.048
2007-06-07,0.048
2007-06-08,0.0477
2007-06-11,0.0473
2007-06-12,0.0472
2007-06-13,0.0466
2007-06-14,0.0465
2007-06-15,0.0456
2007-06-18,0.0463
2007-06-19,0.0465
2007-06-20,0.0474
2007-06-21,0.047
2007-06-22,0.0473
2007-06-25,0.0482
2007-06-26,0.0482
2007-06-27,0.0477
2007-06-28,0.0478
2007-06-29,0.0482
2007-07-02,0.0495
2007-07-03,0.0495
2007-07-05,0.0495
2007-07-06,0.0495
2007-07-09,0.0497
2007-07-10,0.0495
2007-07-11,0.0495
2007-07-12,0.0497
2007-07-13,0.0497
2007-07-16,0.0498
2007-07-17,0.0496
2007-07-18,0.0496
2007-07-19,0.0498
2007-07-20,0.0497
2007-07-23,0.0502
2007-07-24,0.0502
2007-07-25,0.0499
2007-07-26,0.0492
2007-07-27,0.0485
2007-07-30,0.0496
2007-07-31,0.0496
2007-08-01,0.0489
2007-08-02,0.0489
2007-08-03,0.0485
2007-08-06,0.0488
2007-08-07,0.0494
2007-08-08,0.0495
2007-08-09,0.0481
2007-08-10,0.0457
2007-08-13,0.0474
2007-08-14,0.0464
2007-08-15,0.0421
2007-08-16,0.0379
2007-08-17,0.0376
2007-08-20,0.0312
2007-08-21,0.0359
2007-08-22,0.0367
2007-08-23,0.0389
2007-08-24,0.0424
2007-08-27,0.0463
2007-08-28,0.044
2007-08-29,0.0398
2007-08-30,0.0384
2007-08-31,0.0401
2007-09-04,0.0447
2007-09-05,0.0436
2007-09-06,0.0429
2007-09-07,0.0407
2007-09-10,0.0396
2007-09-11,0.0411
2007-09-12,0.0403
2007-09-13,0.0408
2007-09-14,0.0401
2007-09-17,0.0415
2007-09-18,0.0401
2007-09-19,0.0393
2007-09-20,0.0379
2007-09-21,0.0374
2007-09-24,0.0384
2007-09-25,0.0379
2007-09-26,0.0373
2007-09-27,0.0371
2007-09-28,0.0382
2007-10-01,0.0392
2007-10-02,0.0396
2007-10-03,0.0396
2007-10-04,0.0396
2007-10-05,0.04
2007-10-09,0.0406
2007-10-10,0.0406
2007-10-11,0.0412
2007-10-12,0.042
2007-10-15,0.043
2007-10-16,0.0425
2007-10-17,0.0401
2007-10-18,0.0376
2007-10-19,0.0386
2007-10-22,0.04
2007-10-23,0.0398
2007-10-24,0.0385
2007-10-25,0.0394
2007-10-26,0.0396
2007-10-29,0.0401
2007-10-30,0.0396
2007-10-31,0.0394
2007-11-01,0.0381
2007-11-02,0.0361
2007-11-05,0.0371
2007-11-06,0.0376
2007-11-07,0.0349
2007-11-08,0.0338
2007-11-09,0.0327
2007-11-13,0.035
2007-11-14,0.0341
2007-11-15,0.033
2007-11-16,0.034
2007-11-19,0.034
2007-11-20,0.0325
2007-11-21,0.0309
2007-11-23,0.0323
2007-11-26,0.0313
2007-11-27,0.0316
2007-11-28,0.0305
2007-11-29,0.0299
2007-11-30,0.0315
2007-12-03,0.0306
2007-12-04,0.0307
2007-12-05,0.0307
2007-12-06,0.0309
2007-12-07,0.0312
2007-12-10,0.0305
2007-12-11,0.0294
2007-12-12,0.0288
2007-12-13,0.0287
2007-12-14,0.0288
2007-12-17,0.0307
2007-12-18,0.0304
2007-12-19,0.0291
2007-12-20,0.0292
2007-12-21,0.03
2007-12-24,0.0333
2007-12-26,0.0332
2007-12-27,0.0317
2007-12-28,0.0318
2007-12-31,0.0336
2008-01-02,0.0326
2008-01-03,0.0324
2008-01-04,0.032
2008-01-07,0.0327
2008-01-08,0.0325
2008-01-09,0.0322
2008-01-10,0.0324
2008-01-11,0.0309
2008-01-14,0.0319
2008-01-15,0.0317
2008-01-16,0.0314
2008-01-17,0.0307
2008-01-18,0.0286
2008-01-22,0.0235
2008-01-23,0.0221
2008-01-24,0.0237
2008-01-25,0.023
2008-01-28,0.0234
2008-01-29,0.0228
2008-01-30,0.0221
2008-01-31,0.0196
2008-02-01,0.021
2008-02-04,0.0227
2008-02-05,0.0219
2008-02-06,0.021
2008-02-07,0.0217
2008-02-08,0.0223
2008-02-11,0.0231
2008-02-12,0.0231
2008-02-13,0.0228
2008-02-14,0.0231
2008-02-15,0.0221
2008-02-19,0.0228
2008-02-20,0.0225
2008-02-21,0.022
2008-02-22,0.022
2008-02-25,0.022
2008-02-26,0.0214
2008-02-27,0.0198
2008-02-28,0.019
2008-02-29,0.0185
2008-03-03,0.017
2008-03-04,0.0166
2008-03-05,0.0153
2008-03-06,0.0139
2008-03-07,0.0145
2008-03-10,0.0135
2008-03-11,0.0148
2008-03-12,0.0148
2008-03-13,0.0135
2008-03-14,0.0118
2008-03-17,0.0111
2008-03-18,0.0092
2008-03-19,0.0061
2008-03-20,0.0063
2008-03-24,0.0124
2008-03-25,0.0129
2008-03-26,0.0129
2008-03-27,0.013
2008-03-28,0.0133
2008-03-31,0.0138
2008-04-01,0.014
2008-04-02,0.0141
2008-04-03,0.014
2008-04-04,0.0135
2008-04-07,0.0145
2008-04-08,0.0141
2008-04-09,0.0131
2008-04-10,0.0127
2008-04-11,0.0119
2008-04-14,0.0108
2008-04-15,0.011
2008-04-16,0.0112
2008-04-17,0.0123
2008-04-18,0.0135
2008-04-21,0.0134
2008-04-22,0.0127
2008-04-23,0.0126
2008-04-24,0.0126
2008-04-25,0.0134
2008-04-28,0.0143
2008-04-29,0.0146
2008-04-30,0.0143
2008-05-01,0.0145
2008-05-02,0.015
2008-05-05,0.0153
2008-05-06,0.0163
2008-05-07,0.0167
2008-05-08,0.0166
2008-05-09,0.0169
2008-05-12,0.0177
2008-05-13,0.0183
2008-05-14,0.0182
2008-05-15,0.0183
2008-05-16,0.0184
2008-05-19,0.0182
2008-05-20,0.0186
2008-05-21,0.0186
2008-05-22,0.0186
2008-05-23,0.0186
2008-05-27,0.0189
2008-05-28,0.0189
2008-05-29,0.019
2008-05-30,0.0189
2008-06-02,0.0185
2008-06-03,0.0185
2008-06-04,0.0184
2008-06-05,0.0185
2008-06-06,0.0185
2008-06-09,0.0189
2008-06-10,0.0202
2008-06-11,0.0196
2008-06-12,0.02
2008-06-13,0.0199
2008-06-16,0.0207
2008-06-17,0.0199
2008-06-18,0.0193
2008-06-19,0.0191
2008-06-20,0.0187
2008-06-23,0.0187
2008-06-24,0.0183
2008-06-25,0.0181
2008-06-26,0.0174
2008-06-27,0.0168
2008-06-30,0.019
2008-07-01,0.0187
2008-07-02,0.0182
2008-07-03,0.0184
2008-07-07,0.0187
2008-07-08,0.0186
2008-07-09,0.0182
2008-07-10,0.0167
2008-07-11,0.0162
2008-07-14,0.0152
2008-07-15,0.0139
2008-07-16,0.0137
2008-07-17,0.0143
2008-07-18,0.0148
2008-07-21,0.0148
2008-07-22,0.0155
2008-07-23,0.0159
2008-07-24,0.0165
2008-07-25,0.0175
2008-07-28,0.0173
2008-07-29,0.0172
2008-07-30,0.017
2008-07-31,0.0168
2008-08-01,0.0166
2008-08-04,0.0175
2008-08-05,0.0175
2008-08-06,0.0164
2008-08-07,0.0166
2008-08-08,0.017
2008-08-11,0.0187
2008-08-12,0.0186
2008-08-13,0.0185
2008-08-14,0.0189
2008-08-15,0.0185
2008-08-18,0.0182
2008-08-19,0.018
2008-08-20,0.0171
2008-08-21,0.0172
2008-08-22,0.017
2008-08-25,0.0174
2008-08-26,0.0171
2008-08-27,0.0167
2008-08-28,0.0174
2008-08-29,0.0172
2008-09-02,0.0172
2008-09-03,0.017
2008-09-04,0.0169
2008-09-05,0.0168
2008-09-08,0.0171
2008-09-09,0.0166
2008-09-10,0.0165
2008-09-11,0.0161
2008-09-12,0.0149
2008-09-15,0.0102
2008-09-16,0.0084
2008-09-17,0.0003
2008-09-18,0.0023
2008-09-19,0.0099
2008-09-22,0.0128
2008-09-23,0.008
2008-09-24,0.0049
2008-09-25,0.0076
2008-09-26,0.0087
2008-09-29,0.0094
2008-09-30,0.0092
2008-10-01,0.0085
2008-10-02,0.0063
2008-10-03,0.0051
2008-10-06,0.0054
2008-10-07,0.0082
2008-10-08,0.0068
2008-10-09,0.006
2008-10-10,0.0025
2008-10-14,0.0034
2008-10-15,0.0022
2008-10-16,0.0046
2008-10-17,0.0083
2008-10-20,0.0124
2008-10-21,0.011
2008-10-22,0.0105
2008-10-23,0.0098
2008-10-24,0.0089
2008-10-27,0.0084
2008-10-28,0.0077
2008-10-29,0.0062
2008-10-30,0.0041
2008-10-31,0.0046
2008-11-03,0.0049
2008-11-04,0.0048
2008-11-05,0.004
2008-11-06,0.0032
2008-11-07,0.0031
2008-11-10,0.0029
2008-11-12,0.0018
2008-11-13,0.0022
2008-11-14,0.0015
2008-11-17,0.0012
2008-11-18,0.0012
2008-11-19,0.0007
2008-11-20,0.0003
2008-11-21,0.0002
2008-11-24,0.0013
2008-11-25,0.001
2008-11-26,0.0005
2008-11-28,0.0001
2008-12-01,0.0007
2008-12-02,0.0006
2008-12-03,0.0002
2008-12-04,0.0002
2008-12-05,0.0002
2008-12-08,0.0003
2008-12-09,0.0003
2008-12-10,0.00
2008-12-11,0.0001
2008-12-12,0.0002
2008-12-15,0.0003
2008-12-16,0.0004
2008-12-17,0.0005
2008-12-18,0.00
2008-12-19,0.0002
2008-12-22,0.0001
2008-12-23,0.0002
2008-12-24,0.00
2008-12-26,0.0003
2008-12-29,0.0006
2008-12-30,0.001
2008-12-31,0.0011
2009-01-02,0.0008
2009-01-05,0.0014
2009-01-06,0.0014
2009-01-07,0.0011
2009-01-08,0.0009
2009-01-09,0.0007
2009-01-12,0.0012
2009-01-13,0.0011
2009-01-14,0.0012
2009-01-15,0.0011
2009-01-16,0.0012
2009-01-20,0.0013
2009-01-21,0.0011
2009-01-22,0.001
2009-01-23,0.0011
2009-01-26,0.0014
2009-01-27,0.0013
2009-01-28,0.0019
2009-01-29,0.0023
2009-01-30,0.0024
2009-02-02,0.0027
2009-02-03,0.0032
2009-02-04,0.003
2009-02-05,0.0029
2009-02-06,0.0028
2009-02-09,0.0032
2009-02-10,0.0031
2009-02-11,0.003
2009-02-12,0.0029
2009-02-13,0.0029
2009-02-17,0.0032
2009-02-18,0.0031
2009-02-19,0.003
2009-02-20,0.0027
2009-02-23,0.0029
2009-02-24,0.0032
2009-02-25,0.003
2009-02-26,0.0027
2009-02-27,0.0026
2009-03-02,0.0028
2009-03-03,0.0027
2009-03-04,0.0026
2009-03-05,0.002
2009-03-06,0.0021
2009-03-09,0.0023
2009-03-10,0.0024
2009-03-11,0.0023
2009-03-12,0.0022
2009-03-13,0.002
2009-03-16,0.0024
2009-03-17,0.0024
2009-03-18,0.0021
2009-03-19,0.002
2009-03-20,0.0022
2009-03-23,0.0022
2009-03-24,0.0021
2009-03-25,0.0019
2009-03-26,0.0015
2009-03-27,0.0014
2009-03-30,0.0018
2009-03-31,0.0021
2009-04-01,0.0022
2009-04-02,0.0022
2009-04-03,0.0021
2009-04-06,0.002
2009-04-07,0.002
2009-04-08,0.0018
2009-04-09,0.0018
2009-04-13,0.0018
2009-04-14,0.0017
2009-04-15,0.0015
2009-04-16,0.0013
2009-04-17,0.0014
2009-04-20,0.0014
2009-04-21,0.0015
2009-04-22,0.0014
2009-04-23,0.001
2009-04-24,0.001
2009-04-27,0.0013
2009-04-28,0.0013
2009-04-29,0.0011
2009-04-30,0.0014
2009-05-01,0.0016
2009-05-04,0.0019
2009-05-05,0.0019
2009-05-06,0.0019
2009-05-07,0.0018
2009-05-08,0.0019
2009-05-11,0.0019
2009-05-12,0.0019
2009-05-13,0.0017
2009-05-14,0.0016
2009-05-15,0.0017
2009-05-18,0.0019
2009-05-19,0.0018
2009-05-20,0.0018
2009-05-21,0.0019
2009-05-22,0.0018
2009-05-26,0.0018
2009-05-27,0.0017
2009-05-28,0.0015
2009-05-29,0.0014
2009-06-01,0.0013
2009-06-02,0.0014
2009-06-03,0.0014
2009-06-04,0.0014
2009-06-05,0.002
2009-06-08,0.0019
2009-06-09,0.0019
2009-06-10,0.0018
2009-06-11,0.0019
2009-06-12,0.0019
2009-06-15,0.0017
2009-06-16,0.0017
2009-06-17,0.0017
2009-06-18,0.0018
2009-06-19,0.0019
2009-06-22,0.002
2009-06-23,0.002
2009-06-24,0.0019
2009-06-25,0.0018
2009-06-26,0.002
2009-06-29,0.002
2009-06-30,0.0019
2009-07-01,0.0017
2009-07-02,0.0017
2009-07-06,0.0019
2009-07-07,0.0019
2009-07-08,0.0018
2009-07-09,0.0019
2009-07-10,0.0018
2009-07-13,0.0018
2009-07-14,0.0018
2009-07-15,0.0018
2009-07-16,0.0019
2009-07-17,0.0017
2009-07-20,0.0019
2009-07-21,0.0019
2009-07-22,0.0019
2009-07-23,0.0019
2009-07-24,0.0018
2009-07-27,0.0019
2009-07-28,0.0019
2009-07-29,0.0019
2009-07-30,0.0018
2009-07-31,0.0018
2009-08-03,0.0019
2009-08-04,0.0018
2009-08-05,0.0018
2009-08-06,0.0017
2009-08-07,0.0019
2009-08-10,0.0019
2009-08-11,0.0018
2009-08-12,0.0017
2009-08-13,0.0017
2009-08-14,0.0018
2009-08-17,0.0018
2009-08-18,0.0018
2009-08-19,0.0017
2009-08-20,0.0017
2009-08-21,0.0017
2009-08-24,0.0017
2009-08-25,0.0017
2009-08-26,0.0015
2009-08-27,0.0015
2009-08-28,0.0015
2009-08-31,0.0015
2009-09-01,0.0014
2009-09-02,0.0014
2009-09-03,0.0015
2009-09-04,0.0014
2009-09-08,0.0014
2009-09-09,0.0014
2009-09-10,0.0014
2009-09-11,0.0014
2009-09-14,0.0014
2009-09-15,0.0013
2009-09-16,0.001
2009-09-17,0.001
2009-09-18,0.0008
2009-09-21,0.0011
2009-09-22,0.0011
2009-09-23,0.0011
2009-09-24,0.001
2009-09-25,0.001
2009-09-28,0.0011
2009-09-29,0.0013
2009-09-30,0.0014
2009-10-01,0.001
2009-10-02,0.001
2009-10-05,0.0008
2009-10-06,0.0008
2009-10-07,0.0009
2009-10-08,0.0006
2009-10-09,0.0007
2009-10-13,0.0007
2009-10-14,0.0007
2009-10-15,0.0007
2009-10-16,0.0007
2009-10-19,0.0008
2009-10-20,0.0008
2009-10-21,0.0007
2009-10-22,0.0006
2009-10-23,0.0007
2009-10-26,0.0008
2009-10-27,0.0008
2009-10-28,0.0007
2009-10-29,0.0006
2009-10-30,0.0005
2009-11-02,0.0006
2009-11-03,0.0006
2009-11-04,0.0005
2009-11-05,0.0004
2009-11-06,0.0006
2009-11-09,0.0007
2009-11-10,0.0007
2009-11-12,0.0007
2009-11-13,0.0006
2009-11-16,0.0007
2009-11-17,0.0006
2009-11-18,0.0004
2009-11-19,0.0002
2009-11-20,0.0002
2009-11-23,0.0005
2009-11-24,0.0005
2009-11-25,0.0005
2009-11-27,0.0003
2009-11-30,0.0006
2009-12-01,0.0006
2009-12-02,0.0005
2009-12-03,0.0006
2009-12-04,0.0006
2009-12-07,0.0004
2009-12-08,0.0003
2009-12-09,0.0003
2009-12-10,0.0002
2009-12-11,0.0003
2009-12-14,0.0004
2009-12-15,0.0005
2009-12-16,0.0004
2009-12-17,0.0004
2009-12-18,0.0005
2009-12-21,0.0008
2009-12-22,0.0008
2009-12-23,0.0007
2009-12-24,0.0005
2009-12-28,0.0011
2009-12-29,0.001
2009-12-30,0.0005
2009-12-31,0.0006
2010-01-04,0.0008
2010-01-05,0.0007
2010-01-06,0.0006
2010-01-07,0.0005
2010-01-08,0.0005
2010-01-11,0.0004
2010-01-12,0.0005
2010-01-13,0.0006
2010-01-14,0.0005
2010-01-15,0.0006
2010-01-19,0.0006
2010-01-20,0.0005
2010-01-21,0.0006
2010-01-22,0.0006
2010-01-25,0.0006
2010-01-26,0.0007
2010-01-27,0.0008
2010-01-28,0.0008
2010-01-29,0.0008
2010-02-01,0.001
2010-02-02,0.001
2010-02-03,0.001
2010-02-04,0.0009
2010-02-05,0.001
2010-02-08,0.0012
2010-02-09,0.0012
2010-02-10,0.0011
2010-02-11,0.0011
2010-02-12,0.001
2010-02-16,0.001
2010-02-17,0.001
2010-02-18,0.001
2010-02-19,0.0011
2010-02-22,0.0011
2010-02-23,0.0012
2010-02-24,0.0012
2010-02-25,0.0013
2010-02-26,0.0013
2010-03-01,0.0013
2010-03-02,0.0014
2010-03-03,0.0014
2010-03-04,0.0014
2010-03-05,0.0015
2010-03-08,0.0016
2010-03-09,0.0016
2010-03-10,0.0015
2010-03-11,0.0016
2010-03-12,0.0015
2010-03-15,0.0017
2010-03-16,0.0016
2010-03-17,0.0015
2010-03-18,0.0016
2010-03-19,0.0016
2010-03-22,0.0015
2010-03-23,0.0014
2010-03-24,0.0014
2010-03-25,0.0014
2010-03-26,0.0014
2010-03-29,0.0015
2010-03-30,0.0016
2010-03-31,0.0016
2010-04-01,0.0016
2010-04-02,0.0016
2010-04-05,0.0018
2010-04-06,0.0017
2010-04-07,0.0017
2010-04-08,0.0017
2010-04-09,0.0016
2010-04-12,0.0016
2010-04-13,0.0016
2010-04-14,0.0016
2010-04-15,0.0016
2010-04-16,0.0016
2010-04-19,0.0016
2010-04-20,0.0016
2010-04-21,0.0015
2010-04-22,0.0016
2010-04-23,0.0016
2010-04-26,0.0016
2010-04-27,0.0016
2010-04-28,0.0016
2010-04-29,0.0017
2010-04-30,0.0016
2010-05-03,0.0017
2010-05-04,0.0016
2010-05-05,0.0015
2010-05-06,0.0011
2010-05-07,0.0013
2010-05-10,0.0016
2010-05-11,0.0016
2010-05-12,0.0016
2010-05-13,0.0016
2010-05-14,0.0016
2010-05-17,0.0016
2010-05-18,0.0017
2010-05-19,0.0017
2010-05-20,0.0017
2010-05-21,0.0017
2010-05-24,0.0017
2010-05-25,0.0017
2010-05-26,0.0017
2010-05-27,0.0017
2010-05-28,0.0016
2010-06-01,0.0016
2010-06-02,0.0016
2010-06-03,0.0014
2010-06-04,0.0014
2010-06-07,0.0012
2010-06-08,0.0012
2010-06-09,0.001
2010-06-10,0.001
2010-06-11,0.0008
2010-06-14,0.0007
2010-06-15,0.0009
2010-06-16,0.001
2010-06-17,0.0009
2010-06-18,0.0011
2010-06-21,0.0012
2010-06-22,0.0013
2010-06-23,0.0013
2010-06-24,0.0013
2010-06-25,0.0013
2010-06-28,0.0017
2010-06-29,0.0015
2010-06-30,0.0018
2010-07-01,0.0017
2010-07-02,0.0017
2010-07-06,0.0017
2010-07-07,0.0016
2010-07-08,0.0015
2010-07-09,0.0016
2010-07-12,0.0016
2010-07-13,0.0015
2010-07-14,0.0015
2010-07-15,0.0015
2010-07-16,0.0015
2010-07-19,0.0017
2010-07-20,0.0016
2010-07-21,0.0016
2010-07-22,0.0016
2010-07-23,0.0016
2010-07-26,0.0016
2010-07-27,0.0015
2010-07-28,0.0015
2010-07-29,0.0015
2010-07-30,0.0015
2010-08-02,0.0016
2010-08-03,0.0016
2010-08-04,0.0016
2010-08-05,0.0015
2010-08-06,0.0015
2010-08-09,0.0015
2010-08-10,0.0015
2010-08-11,0.0015
2010-08-12,0.0016
2010-08-13,0.0015
2010-08-16,0.0016
2010-08-17,0.0017
2010-08-18,0.0016
2010-08-19,0.0016
2010-08-20,0.0015
2010-08-23,0.0016
2010-08-24,0.0016
2010-08-25,0.0016
2010-08-26,0.0016
2010-08-27,0.0015
2010-08-30,0.0014
2010-08-31,0.0014
2010-09-01,0.0013
2010-09-02,0.0014
2010-09-03,0.0014
2010-09-07,0.0014
2010-09-08,0.0014
2010-09-09,0.0014
2010-09-10,0.0014
2010-09-13,0.0015
2010-09-14,0.0015
2010-09-15,0.0015
2010-09-16,0.0016
2010-09-17,0.0016
2010-09-20,0.0017
2010-09-21,0.0017
2010-09-22,0.0016
2010-09-23,0.0016
2010-09-24,0.0015
2010-09-27,0.0016
2010-09-28,0.0016
2010-09-29,0.0016
2010-09-30,0.0016
2010-10-01,0.0016
2010-10-04,0.0013
2010-10-05,0.0012
2010-10-06,0.0013
2010-10-07,0.0013
2010-10-08,0.0012
2010-10-12,0.0013
2010-10-13,0.0013
2010-10-14,0.0014
2010-10-15,0.0014
2010-10-18,0.0015
2010-10-19,0.0014
2010-10-20,0.0014
2010-10-21,0.0013
2010-10-22,0.0013
2010-10-25,0.0014
2010-10-26,0.0014
2010-10-27,0.0014
2010-10-28,0.0013
2010-10-29,0.0012
2010-11-01,0.0013
2010-11-02,0.0013
2010-11-03,0.0013
2010-11-04,0.0013
2010-11-05,0.0013
2010-11-08,0.0013
2010-11-09,0.0013
2010-11-10,0.0013
2010-11-12,0.0013
2010-11-15,0.0014
2010-11-16,0.0015
2010-11-17,0.0014
2010-11-18,0.0015
2010-11-19,0.0014
2010-11-22,0.0015
2010-11-23,0.0015
2010-11-24,0.0016
2010-11-26,0.0016
2010-11-29,0.0018
2010-11-30,0.0017
2010-12-01,0.0016
2010-12-02,0.0016
2010-12-03,0.0014
2010-12-06,0.0015
2010-12-07,0.0014
2010-12-08,0.0015
2010-12-09,0.0014
2010-12-10,0.0013
2010-12-13,0.0015
2010-12-14,0.0015
2010-12-15,0.0014
2010-12-16,0.0013
2010-12-17,0.0011
2010-12-20,0.0014
2010-12-21,0.0014
2010-12-22,0.0014
2010-12-23,0.0014
2010-12-27,0.0017
2010-12-28,0.0015
2010-12-29,0.0013
2010-12-30,0.0012
2010-12-31,0.0012
2011-01-03,0.0015
2011-01-04,0.0014
2011-01-05,0.0014
2011-01-06,0.0015
2011-01-07,0.0014
2011-01-10,0.0015
2011-01-11,0.0015
2011-01-12,0.0015
2011-01-13,0.0015
2011-01-14,0.0015
2011-01-18,0.0016
2011-01-19,0.0016
2011-01-20,0.0016
2011-01-21,0.0016
2011-01-24,0.0016
2011-01-25,0.0016
2011-01-26,0.0016
2011-01-27,0.0015
2011-01-28,0.0015
2011-01-31,0.0015
2011-02-01,0.0015
2011-02-02,0.0016
2011-02-03,0.0014
2011-02-04,0.0015
2011-02-07,0.0016
2011-02-08,0.0015
2011-02-09,0.0014
2011-02-10,0.0012
2011-02-11,0.0012
2011-02-14,0.0013
2011-02-15,0.0013
2011-02-16,0.0012
2011-02-17,0.0009
2011-02-18,0.001
2011-02-22,0.0012
2011-02-23,0.0012
2011-02-24,0.0013
2011-02-25,0.0013
2011-02-28,0.0015
2011-03-01,0.0014
2011-03-02,0.0013
2011-03-03,0.0013
2011-03-04,0.0012
2011-03-07,0.0011
2011-03-08,0.0011
2011-03-09,0.001
2011-03-10,0.0008
2011-03-11,0.0008
2011-03-14,0.0009
2011-03-15,0.001
2011-03-16,0.001
2011-03-17,0.0008
2011-03-18,0.0007
2011-03-21,0.001
2011-03-22,0.001
2011-03-23,0.0009
2011-03-24,0.0009
2011-03-25,0.0009
2011-03-28,0.0011
2011-03-29,0.001
2011-03-30,0.001
2011-03-31,0.0009
2011-04-01,0.0007
2011-04-04,0.0006
2011-04-05,0.0007
2011-04-06,0.0006
2011-04-07,0.0004
2011-04-08,0.0004
2011-04-11,0.0005
2011-04-12,0.0005
2011-04-13,0.0006
2011-04-14,0.0007
2011-04-15,0.0007
2011-04-18,0.0007
2011-04-19,0.0006
2011-04-20,0.0006
2011-04-21,0.0006
2011-04-25,0.0007
2011-04-26,0.0007
2011-04-27,0.0006
2011-04-28,0.0004
2011-04-29,0.0004
2011-05-02,0.0005
2011-05-03,0.0003
2011-05-04,0.0003
2011-05-05,0.0002
2011-05-06,0.0002
2011-05-09,0.0003
2011-05-10,0.0003
2011-05-11,0.0003
2011-05-12,0.0002
2011-05-13,0.0003
2011-05-16,0.0004
2011-05-17,0.0004
2011-05-18,0.0005
2011-05-19,0.0005
2011-05-20,0.0005
2011-05-23,0.0006
2011-05-24,0.0006
2011-05-25,0.0006
2011-05-26,0.0005
2011-05-27,0.0005
2011-05-31,0.0006
2011-06-01,0.0005
2011-06-02,0.0004
2011-06-03,0.0004
2011-06-06,0.0005
2011-06-07,0.0005
2011-06-08,0.0004
2011-06-09,0.0005
2011-06-10,0.0005
2011-06-13,0.0005
2011-06-14,0.0005
2011-06-15,0.0005
2011-06-16,0.0005
2011-06-17,0.0004
2011-06-20,0.0003
2011-06-21,0.0003
2011-06-22,0.0002
2011-06-23,0.0001
2011-06-24,0.0002
2011-06-27,0.0002
2011-06-28,0.0003
2011-06-29,0.0002
2011-06-30,0.0003
2011-07-01,0.0002
2011-07-05,0.0002
2011-07-06,0.0001
2011-07-07,0.0003
2011-07-08,0.0003
2011-07-11,0.0003
2011-07-12,0.0003
2011-07-13,0.0001
2011-07-14,0.0001
2011-07-15,0.0002
2011-07-18,0.0002
2011-07-19,0.0003
2011-07-20,0.0002
2011-07-21,0.0005
2011-07-22,0.0005
2011-07-25,0.0005
2011-07-26,0.0007
2011-07-27,0.0008
2011-07-28,0.0007
2011-07-29,0.001
2011-08-01,0.001
2011-08-02,0.0006
2011-08-03,0.0002
2011-08-04,0.0002
2011-08-05,0.0001
2011-08-08,0.0005
2011-08-09,0.0003
2011-08-10,0.0002
2011-08-11,0.0003
2011-08-12,0.0002
2011-08-15,0.0002
2011-08-16,0.0003
2011-08-17,0.0001
2011-08-18,0.0001
2011-08-19,0.0002
2011-08-22,0.0001
2011-08-23,0.0001
2011-08-24,0.0002
2011-08-25,0.0001
2011-08-26,0.0001
2011-08-29,0.0002
2011-08-30,0.0001
2011-08-31,0.0002
2011-09-01,0.0002
2011-09-02,0.0002
2011-09-06,0.0002
2011-09-07,0.0002
2011-09-08,0.0002
2011-09-09,0.0001
2011-09-12,0.0001
2011-09-13,0.0001
2011-09-14,0.0001
2011-09-15,0.0001
2011-09-16,0.0001
2011-09-19,0.0001
2011-09-20,0.0001
2011-09-21,0.0001
2011-09-22,0.00
2011-09-23,0.0001
2011-09-26,0.0002
2011-09-27,0.0001
2011-09-28,0.0002
2011-09-29,0.0002
2011-09-30,0.0002
2011-10-03,0.0002
2011-10-04,0.0001
2011-10-05,0.00
2011-10-06,0.0001
2011-10-07,0.0001
2011-10-11,0.0002
2011-10-12,0.0002
2011-10-13,0.0002
2011-10-14,0.0002
2011-10-17,0.0004
2011-10-18,0.0004
2011-10-19,0.0003
2011-10-20,0.0003
2011-10-21,0.0002
2011-10-24,0.0002
2011-10-25,0.0001
2011-10-26,0.0002
2011-10-27,0.0002
2011-10-28,0.0001
2011-10-31,0.0001
2011-11-01,0.0001
2011-11-02,0.0001
2011-11-03,0.0001
2011-11-04,0.0001
2011-11-07,0.0001
2011-11-08,0.0001
2011-11-09,0.0001
2011-11-10,0.0001
2011-11-14,0.0001
2011-11-15,0.0001
2011-11-16,0.0001
2011-11-17,0.0002
2011-11-18,0.0001
2011-11-21,0.0002
2011-11-22,0.0002
2011-11-23,0.0002
2011-11-25,0.0002
2011-11-28,0.0003
2011-11-29,0.0002
2011-11-30,0.0001
2011-12-01,0.0001
2011-12-02,0.0002
2011-12-05,0.0001
2011-12-06,0.0001
2011-12-07,0.0002
2011-12-08,0.0001
2011-12-09,0.0001
2011-12-12,0.0001
2011-12-13,0.0001
2011-12-14,0.0001
2011-12-15,0.00
2011-12-16,0.00
2011-12-19,0.0001
2011-12-20,0.0001
2011-12-21,0.0001
2011-12-22,0.0001
2011-12-23,0.0001
2011-12-27,0.0002
2011-12-28,0.0001
2011-12-29,0.0002
2011-12-30,0.0002
2012-01-03,0.0002
2012-01-04,0.0002
2012-01-05,0.0002
2012-01-06,0.0002
2012-01-09,0.0001
2012-01-10,0.0002
2012-01-11,0.0002
2012-01-12,0.0003
2012-01-13,0.0003
2012-01-17,0.0003
2012-01-18,0.0003
2012-01-19,0.0005
2012-01-20,0.0005
2012-01-23,0.0004
2012-01-24,0.0004
2012-01-25,0.0004
2012-01-26,0.0005
2012-01-27,0.0006
2012-01-30,0.0005
2012-01-31,0.0006
2012-02-01,0.0006
2012-02-02,0.0008
2012-02-03,0.0008
2012-02-06,0.0008
2012-02-07,0.0008
2012-02-08,0.0009
2012-02-09,0.0009
2012-02-10,0.0009
2012-02-13,0.0011
2012-02-14,0.0012
2012-02-15,0.0011
2012-02-16,0.001
2012-02-17,0.0009
2012-02-21,0.0008
2012-02-22,0.0009
2012-02-23,0.0009
2012-02-24,0.001
2012-02-27,0.0012
2012-02-28,0.001
2012-02-29,0.0008
2012-03-01,0.0008
2012-03-02,0.0007
2012-03-05,0.0008
2012-03-06,0.0008
2012-03-07,0.0008
2012-03-08,0.0008
2012-03-09,0.0009
2012-03-12,0.0009
2012-03-13,0.0008
2012-03-14,0.0009
2012-03-15,0.0008
2012-03-16,0.0009
2012-03-19,0.001
2012-03-20,0.001
2012-03-21,0.0009
2012-03-22,0.0008
2012-03-23,0.0008
2012-03-26,0.0009
2012-03-27,0.0009
2012-03-28,0.0009
2012-03-29,0.0007
2012-03-30,0.0007
2012-04-02,0.0008
2012-04-03,0.0008
2012-04-04,0.0008
2012-04-05,0.0008
2012-04-06,0.0007
2012-04-09,0.0009
2012-04-10,0.0009
2012-04-11,0.0009
2012-04-12,0.0009
2012-04-13,0.0009
2012-04-16,0.0008
2012-04-17,0.0008
2012-04-18,0.0007
2012-04-19,0.0007
2012-04-20,0.0008
2012-04-23,0.0008
2012-04-24,0.0009
2012-04-25,0.0009
2012-04-26,0.0009
2012-04-27,0.0009
2012-04-30,0.001
2012-05-01,0.0009
2012-05-02,0.0008
2012-05-03,0.0009
2012-05-04,0.0007
2012-05-07,0.001
2012-05-08,0.0009
2012-05-09,0.0009
2012-05-10,0.001
2012-05-11,0.001
2012-05-14,0.001
2012-05-15,0.0009
2012-05-16,0.001
2012-05-17,0.001
2012-05-18,0.0008
2012-05-21,0.0009
2012-05-22,0.0009
2012-05-23,0.0009
2012-05-24,0.001
2012-05-25,0.0009
2012-05-29,0.0009
2012-05-30,0.0007
2012-05-31,0.0007
2012-06-01,0.0007
2012-06-04,0.0008
2012-06-05,0.0008
2012-06-06,0.0009
2012-06-07,0.0009
2012-06-08,0.0009
2012-06-11,0.0009
2012-06-12,0.001
2012-06-13,0.001
2012-06-14,0.0011
2012-06-15,0.0009
2012-06-18,0.001
2012-06-19,0.0009
2012-06-20,0.0009
2012-06-21,0.0009
2012-06-22,0.0009
2012-06-25,0.001
2012-06-26,0.001
2012-06-27,0.0009
2012-06-28,0.0009
2012-06-29,0.0009
2012-07-02,0.001
2012-07-03,0.0009
2012-07-05,0.0008
2012-07-06,0.0008
2012-07-09,0.0009
2012-07-10,0.0009
2012-07-11,0.001
2012-07-12,0.001
2012-07-13,0.001
2012-07-16,0.001
2012-07-17,0.001
2012-07-18,0.0009
2012-07-19,0.0009
2012-07-20,0.0009
2012-07-23,0.001
2012-07-24,0.001
2012-07-25,0.001
2012-07-26,0.0011
2012-07-27,0.0011
2012-07-30,0.0011
2012-07-31,0.0011
2012-08-01,0.001
2012-08-02,0.0009
2012-08-03,0.0009
2012-08-06,0.001
2012-08-07,0.0011
2012-08-08,0.0011
2012-08-09,0.0011
2012-08-10,0.001
2012-08-13,0.0011
2012-08-14,0.0011
2012-08-15,0.0009
2012-08-16,0.0009
2012-08-17,0.0009
2012-08-20,0.0011
2012-08-21,0.0011
2012-08-22,0.0011
2012-08-23,0.0011
2012-08-24,0.001
2012-08-27,0.0011
2012-08-28,0.001
2012-08-29,0.0012
2012-08-30,0.001
2012-08-31,0.0009
2012-09-04,0.001
2012-09-05,0.0011
2012-09-06,0.0011
2012-09-07,0.0011
2012-09-10,0.001
2012-09-11,0.001
2012-09-12,0.001
2012-09-13,0.001
2012-09-14,0.0011
2012-09-17,0.0011
2012-09-18,0.001
2012-09-19,0.0011
2012-09-20,0.0011
2012-09-21,0.0011
2012-09-24,0.0011
2012-09-25,0.0011
2012-09-26,0.0011
2012-09-27,0.0009
2012-09-28,0.001
2012-10-01,0.0009
2012-10-02,0.0009
2012-10-03,0.0009
2012-10-04,0.001
2012-10-05,0.0011
2012-10-09,0.001
2012-10-10,0.001
2012-10-11,0.001
2012-10-12,0.0011
2012-10-15,0.0011
2012-10-16,0.0009
2012-10-17,0.0011
2012-10-18,0.001
2012-10-19,0.001
2012-10-22,0.001
2012-10-23,0.0011
2012-10-24,0.0011
2012-10-25,0.0011
2012-10-26,0.0012
2012-10-29,0.0014
2012-10-31,0.0011
2012-11-01,0.0009
2012-11-02,0.0009
2012-11-05,0.0011
2012-11-06,0.001
2012-11-07,0.001
2012-11-08,0.001
2012-11-09,0.0009
2012-11-13,0.0011
2012-11-14,0.001
2012-11-15,0.0008
2012-11-16,0.0006
2012-11-19,0.0009
2012-11-20,0.0008
2012-11-21,0.001
2012-11-23,0.001
2012-11-26,0.001
2012-11-27,0.001
2012-11-28,0.001
2012-11-29,0.0009
2012-11-30,0.0008
2012-12-03,0.001
2012-12-04,0.001
2012-12-05,0.001
2012-12-06,0.001
2012-12-07,0.0009
2012-12-10,0.0009
2012-12-11,0.0008
2012-12-12,0.0007
2012-12-13,0.0006
2012-12-14,0.0004
2012-12-17,0.0005
2012-12-18,0.0006
2012-12-19,0.0005
2012-12-20,0.0006
2012-12-21,0.0006
2012-12-24,0.0006
2012-12-26,0.0009
2012-12-27,0.0008
2012-12-28,0.0001
2012-12-31,0.0005
2013-01-02,0.0008
2013-01-03,0.0008
2013-01-04,0.0007
2013-01-07,0.0007
2013-01-08,0.0007
2013-01-09,0.0006
2013-01-10,0.0006
2013-01-11,0.0007
2013-01-14,0.0008
2013-01-15,0.0009
2013-01-16,0.0008
2013-01-17,0.0007
2013-01-18,0.0008
2013-01-22,0.0008
2013-01-23,0.0008
2013-01-24,0.0008
2013-01-25,0.0008
2013-01-28,0.0007
2013-01-29,0.0007
2013-01-30,0.0007
2013-01-31,0.0007
2013-02-01,0.0006
2013-02-04,0.0007
2013-02-05,0.0007
2013-02-06,0.0007
2013-02-07,0.0007
2013-02-08,0.0007
2013-02-11,0.0009
2013-02-12,0.0009
2013-02-13,0.001
2013-02-14,0.0011
2013-02-15,0.001
2013-02-19,0.0012
2013-02-20,0.0012
2013-02-21,0.0013
2013-02-22,0.0013
2013-02-25,0.0012
2013-02-26,0.0014
2013-02-27,0.0011
2013-02-28,0.0011
2013-03-01,0.0011
2013-03-04,0.0011
2013-03-05,0.0008
2013-03-06,0.001
2013-03-07,0.001
2013-03-08,0.001
2013-03-11,0.001
2013-03-12,0.001
2013-03-13,0.0009
2013-03-14,0.001
2013-03-15,0.0009
2013-03-18,0.0007
2013-03-19,0.0007
2013-03-20,0.0007
2013-03-21,0.0007
2013-03-22,0.0007
2013-03-25,0.0008
2013-03-26,0.0007
2013-03-27,0.0009
2013-03-28,0.0007
2013-04-01,0.0008
2013-04-02,0.0007
2013-04-03,0.0006
2013-04-04,0.0007
2013-04-05,0.0007
2013-04-08,0.0007
2013-04-09,0.0006
2013-04-10,0.0007
2013-04-11,0.0007
2013-04-12,0.0006
2013-04-15,0.0006
2013-04-16,0.0006
2013-04-17,0.0006
2013-04-18,0.0005
2013-04-19,0.0005
2013-04-22,0.0005
2013-04-23,0.0005
2013-04-24,0.0006
2013-04-25,0.0005
2013-04-26,0.0005
2013-04-29,0.0005
2013-04-30,0.0005
2013-05-01,0.0006
2013-05-02,0.0005
2013-05-03,0.0005
2013-05-06,0.0004
2013-05-07,0.0004
2013-05-08,0.0004
2013-05-09,0.0004
2013-05-10,0.0004
2013-05-13,0.0005
2013-05-14,0.0005
2013-05-15,0.0004
2013-05-16,0.0003
2013-05-17,0.0004
2013-05-20,0.0005
2013-05-21,0.0004
2013-05-22,0.0004
2013-05-23,0.0005
2013-05-24,0.0004
2013-05-28,0.0005
2013-05-29,0.0005
2013-05-30,0.0004
2013-05-31,0.0004
2013-06-03,0.0005
2013-06-04,0.0004
2013-06-05,0.0005
2013-06-06,0.0005
2013-06-07,0.0004
2013-06-10,0.0005
2013-06-11,0.0005
2013-06-12,0.0005
2013-06-13,0.0005
2013-06-14,0.0005
2013-06-17,0.0005
2013-06-18,0.0005
2013-06-19,0.0005
2013-06-20,0.0005
2013-06-21,0.0005
2013-06-24,0.0006
2013-06-25,0.0006
2013-06-26,0.0006
2013-06-27,0.0006
2013-06-28,0.0004
2013-07-01,0.0004
2013-07-02,0.0003
2013-07-03,0.0005
2013-07-05,0.0004
2013-07-08,0.0005
2013-07-09,0.0004
2013-07-10,0.0004
2013-07-11,0.0004
2013-07-12,0.0004
2013-07-15,0.0004
2013-07-16,0.0003
2013-07-17,0.0003
2013-07-18,0.0003
2013-07-19,0.0003
2013-07-22,0.0004
2013-07-23,0.0002
2013-07-24,0.0003
2013-07-25,0.0002
2013-07-26,0.0003
2013-07-29,0.0003
2013-07-30,0.0004
2013-07-31,0.0004
2013-08-01,0.0004
2013-08-02,0.0004
2013-08-05,0.0005
2013-08-06,0.0004
2013-08-07,0.0005
2013-08-08,0.0005
2013-08-09,0.0005
2013-08-12,0.0006
2013-08-13,0.0006
2013-08-14,0.0005
2013-08-15,0.0005
2013-08-16,0.0005
2013-08-19,0.0006
2013-08-20,0.0004
2013-08-21,0.0004
2013-08-22,0.0003
2013-08-23,0.0003
2013-08-26,0.0004
2013-08-27,0.0005
2013-08-28,0.0003
2013-08-29,0.0002
2013-08-30,0.0003
2013-09-03,0.0002
2013-09-04,0.0002
2013-09-05,0.0002
2013-09-06,0.0002
2013-09-09,0.0002
2013-09-10,0.0002
2013-09-11,0.0002
2013-09-12,0.0001
2013-09-13,0.0001
2013-09-16,0.0002
2013-09-17,0.0001
2013-09-18,0.0001
2013-09-19,0.0001
2013-09-20,0.0001
2013-09-23,0.0002
2013-09-24,0.0002
2013-09-25,0.0002
2013-09-26,0.00
2013-09-27,0.0002
2013-09-30,0.0002
2013-10-01,0.0002
2013-10-02,0.0002
2013-10-03,0.0003
2013-10-04,0.0003
2013-10-07,0.0003
2013-10-08,0.0005
2013-10-09,0.0005
2013-10-10,0.0005
2013-10-11,0.0008
2013-10-15,0.0014
2013-10-16,0.001
2013-10-17,0.0005
2013-10-18,0.0004
2013-10-21,0.0004
2013-10-22,0.0004
2013-10-23,0.0004
2013-10-24,0.0003
2013-10-25,0.0004
2013-10-28,0.0004
2013-10-29,0.0004
2013-10-30,0.0004
2013-10-31,0.0004
2013-11-01,0.0004
2013-11-04,0.0005
2013-11-05,0.0005
2013-11-06,0.0005
2013-11-07,0.0005
2013-11-08,0.0006
2013-11-12,0.0008
2013-11-13,0.0008
2013-11-14,0.0008
2013-11-15,0.0008
2013-11-18,0.0009
2013-11-19,0.0008
2013-11-20,0.0008
2013-11-21,0.0007
2013-11-22,0.0007
2013-11-25,0.0008
2013-11-26,0.0007
2013-11-27,0.0007
2013-11-29,0.0006
2013-12-02,0.0005
2013-12-03,0.0006
2013-12-04,0.0006
2013-12-05,0.0006
2013-12-06,0.0006
2013-12-09,0.0007
2013-12-10,0.0007
2013-12-11,0.0007
2013-12-12,0.0007
2013-12-13,0.0007
2013-12-16,0.0007
2013-12-17,0.0007
2013-12-18,0.0007
2013-12-19,0.0006
2013-12-20,0.0007
2013-12-23,0.0007
2013-12-24,0.0007
2013-12-26,0.0007
2013-12-27,0.0007
2013-12-30,0.0007
2013-12-31,0.0007
2014-01-02,0.0007
2014-01-03,0.0007
2014-01-06,0.0005
2014-01-07,0.0004
2014-01-08,0.0005
2014-01-09,0.0004
2014-01-10,0.0005
2014-01-13,0.0003
2014-01-14,0.0004
2014-01-15,0.0004
2014-01-16,0.0004
2014-01-17,0.0005
2014-01-21,0.0004
2014-01-22,0.0004
2014-01-23,0.0004
2014-01-24,0.0004
2014-01-27,0.0005
2014-01-28,0.0005
2014-01-29,0.0004
2014-01-30,0.0002
2014-01-31,0.0002
2014-02-03,0.0005
2014-02-04,0.0006
2014-02-05,0.0007
2014-02-06,0.0007
2014-02-07,0.0008
2014-02-10,0.0007
2014-02-11,0.0005
2014-02-12,0.0005
2014-02-13,0.0003
2014-02-14,0.0002
2014-02-18,0.0005
2014-02-19,0.0006
2014-02-20,0.0005
2014-02-21,0.0005
2014-02-24,0.0005
2014-02-25,0.0005
2014-02-26,0.0005
2014-02-27,0.0004
2014-02-28,0.0005
2014-03-03,0.0005
2014-03-04,0.0005
2014-03-05,0.0006
2014-03-06,0.0005
2014-03-07,0.0006
2014-03-10,0.0005
2014-03-11,0.0005
2014-03-12,0.0005
2014-03-13,0.0005
2014-03-14,0.0005
2014-03-17,0.0006
2014-03-18,0.0005
2014-03-19,0.0006
2014-03-20,0.0006
2014-03-21,0.0006
2014-03-24,0.0006
2014-03-25,0.0005
2014-03-26,0.0005
2014-03-27,0.0004
2014-03-28,0.0004
2014-03-31,0.0005
2014-04-01,0.0004
2014-04-02,0.0002
2014-04-03,0.0002
2014-04-04,0.0003
2014-04-07,0.0003
2014-04-08,0.0003
2014-04-09,0.0004
2014-04-10,0.0004
2014-04-11,0.0004
2014-04-14,0.0004
2014-04-15,0.0004
2014-04-16,0.0004
2014-04-17,0.0003
2014-04-21,0.0004
2014-04-22,0.0003
2014-04-23,0.0002
2014-04-24,0.0001
2014-04-25,0.0003
2014-04-28,0.0003
2014-04-29,0.0002
2014-04-30,0.0003
2014-05-01,0.0003
2014-05-02,0.0002
2014-05-05,0.0003
2014-05-06,0.0003
2014-05-07,0.0003
2014-05-08,0.0003
2014-05-09,0.0003
2014-05-12,0.0003
2014-05-13,0.0003
2014-05-14,0.0003
2014-05-15,0.0003
2014-05-16,0.0003
2014-05-19,0.0003
2014-05-20,0.0003
2014-05-21,0.0004
2014-05-22,0.0003
2014-05-23,0.0004
2014-05-27,0.0004
2014-05-28,0.0004
2014-05-29,0.0004
2014-05-30,0.0004
2014-06-02,0.0004
2014-06-03,0.0004
2014-06-04,0.0004
2014-06-05,0.0004
2014-06-06,0.0004
2014-06-09,0.0004
2014-06-10,0.0004
2014-06-11,0.0004
2014-06-12,0.0004
2014-06-13,0.0004
2014-06-16,0.0004
2014-06-17,0.0004
2014-06-18,0.0003
2014-06-19,0.0002
2014-06-20,0.0002
2014-06-23,0.0003
2014-06-24,0.0003
2014-06-25,0.0003
2014-06-26,0.0004
2014-06-27,0.0003
2014-06-30,0.0004
2014-07-01,0.0002
2014-07-02,0.0002
2014-07-03,0.0001
2014-07-07,0.0004
2014-07-08,0.0003
2014-07-09,0.0003
2014-07-10,0.0002
2014-07-11,0.0002
2014-07-14,0.0003
2014-07-15,0.0002
2014-07-16,0.0002
2014-07-17,0.0002
2014-07-18,0.0002
2014-07-21,0.0003
2014-07-22,0.0003
2014-07-23,0.0003
2014-07-24,0.0003
2014-07-25,0.0003
2014-07-28,0.0004
2014-07-29,0.0002
2014-07-30,0.0004
2014-07-31,0.0003
2014-08-01,0.0003
2014-08-04,0.0004
2014-08-05,0.0003
2014-08-06,0.0003
2014-08-07,0.0003
2014-08-08,0.0003
2014-08-11,0.0004
2014-08-12,0.0003
2014-08-13,0.0004
2014-08-14,0.0004
2014-08-15,0.0003
2014-08-18,0.0003
2014-08-19,0.0003
2014-08-20,0.0004
2014-08-21,0.0002
2014-08-22,0.0003
2014-08-25,0.0004
2014-08-26,0.0003
2014-08-27,0.0004
2014-08-28,0.0003
2014-08-29,0.0003
2014-09-02,0.0003
2014-09-03,0.0003
2014-09-04,0.0003
2014-09-05,0.0003
2014-09-08,0.0002
2014-09-09,0.0002
2014-09-10,0.0002
2014-09-11,0.0002
2014-09-12,0.0002
2014-09-15,0.0002
2014-09-16,0.0002
2014-09-17,0.0002
2014-09-18,0.0002
2014-09-19,0.0002
2014-09-22,0.0001
2014-09-23,0.0001
2014-09-24,0.0002
2014-09-25,0.0001
2014-09-26,0.0001
2014-09-29,0.0002
2014-09-30,0.0002
2014-10-01,0.0002
2014-10-02,0.0001
2014-10-03,0.0001
2014-10-06,0.0002
2014-10-07,0.0002
2014-10-08,0.0001
2014-10-09,0.0001
2014-10-10,0.0001
2014-10-14,0.0002
2014-10-15,0.0002
2014-10-16,0.0003
2014-10-17,0.0002
2014-10-20,0.0002
2014-10-21,0.0002
2014-10-22,0.0002
2014-10-23,0.0001
2014-10-24,0.0001
2014-10-27,0.0002
2014-10-28,0.0002
2014-10-29,0.0003
2014-10-30,0.0001
2014-10-31,0.0001
2014-11-03,0.0002
2014-11-04,0.0003
2014-11-05,0.0003
2014-11-06,0.0003
2014-11-07,0.0003
2014-11-10,0.0002
2014-11-12,0.0002
2014-11-13,0.0002
2014-11-14,0.0002
2014-11-17,0.0003
2014-11-18,0.0002
2014-11-19,0.0001
2014-11-20,0.0002
2014-11-21,0.0001
2014-11-24,0.0002
2014-11-25,0.0002
2014-11-26,0.0002
2014-11-28,0.0002
2014-12-01,0.0003
2014-12-02,0.0003
2014-12-03,0.0001
2014-12-04,0.0002
2014-12-05,0.0002
2014-12-08,0.0003
2014-12-09,0.0004
2014-12-10,0.0003
2014-12-11,0.0003
2014-12-12,0.0002
2014-12-15,0.0004
2014-12-16,0.0003
2014-12-17,0.0003
2014-12-18,0.0004
2014-12-19,0.0004
2014-12-22,0.0005
2014-12-23,0.0003
2014-12-24,0.0001
2014-12-26,0.0001
2014-12-29,0.0003
2014-12-30,0.0003
2014-12-31,0.0004
2015-01-02,0.0002
2015-01-05,0.0003
2015-01-06,0.0003
2015-01-07,0.0003
2015-01-08,0.0003
2015-01-09,0.0002
2015-01-12,0.0003
2015-01-13,0.0003
2015-01-14,0.0004
2015-01-15,0.0003
2015-01-16,0.0003
2015-01-20,0.0003
2015-01-21,0.0003
2015-01-22,0.0003
2015-01-23,0.0002
2015-01-26,0.0003
2015-01-27,0.0002
2015-01-28,0.0002
2015-01-29,0.0003
2015-01-30,0.0002
2015-02-02,0.0002
2015-02-03,0.0002
2015-02-04,0.0001
2015-02-05,0.0002
2015-02-06,0.0002
2015-02-09,0.0001
2015-02-10,0.0001
2015-02-11,0.0001
2015-02-12,0.0002
2015-02-13,0.0001
2015-02-17,0.0002
2015-02-18,0.0002
2015-02-19,0.0002
2015-02-20,0.0002
2015-02-23,0.0002
2015-02-24,0.0002
2015-02-25,0.0002
2015-02-26,0.0003
2015-02-27,0.0002
2015-03-02,0.0002
2015-03-03,0.0002
2015-03-04,0.0001
2015-03-05,0.0002
2015-03-06,0.0001
2015-03-09,0.0002
2015-03-10,0.0002
2015-03-11,0.0003
2015-03-12,0.0003
2015-03-13,0.0003
2015-03-16,0.0005
2015-03-17,0.0005
2015-03-18,0.0003
2015-03-19,0.0003
2015-03-20,0.0001
2015-03-23,0.0003
2015-03-24,0.0002
2015-03-25,0.0004
2015-03-26,0.0003
2015-03-27,0.0004
2015-03-30,0.0004
2015-03-31,0.0003
2015-04-01,0.0003
2015-04-02,0.0002
2015-04-03,0.0002
2015-04-06,0.0003
2015-04-07,0.0002
2015-04-08,0.0003
2015-04-09,0.0003
2015-04-10,0.0002
2015-04-13,0.0003
2015-04-14,0.0002
2015-04-15,0.0002
2015-04-16,0.0002
2015-04-17,0.0001
2015-04-20,0.0003
2015-04-21,0.0003
2015-04-22,0.0003
2015-04-23,0.0003
2015-04-24,0.0003
2015-04-27,0.0002
2015-04-28,0.0002
2015-04-29,0.0001
2015-04-30,0.0001
2015-05-01,0.0001
2015-05-04,0.0002
2015-05-05,0.0001
2015-05-06,0.0002
2015-05-07,0.0001
2015-05-08,0.0001
2015-05-11,0.0002
2015-05-12,0.0003
2015-05-13,0.0002
2015-05-14,0.0001
2015-05-15,0.0002
2015-05-18,0.0002
2015-05-19,0.0002
2015-05-20,0.0002
2015-05-21,0.0002
2015-05-22,0.0002
2015-05-26,0.0002
2015-05-27,0.0001
2015-05-28,0.0001
2015-05-29,0.0001
2015-06-01,0.0002
2015-06-02,0.0001
2015-06-03,0.0002
2015-06-04,0.0002
2015-06-05,0.0003
2015-06-08,0.0002
2015-06-09,0.0002
2015-06-10,0.0002
2015-06-11,0.0001
2015-06-12,0.0002
2015-06-15,0.0002
2015-06-16,0.0001
2015-06-17,0.0001
2015-06-18,0.0001
2015-06-19,0.0001
2015-06-22,0.0001
2015-06-23,0.0001
2015-06-24,0.0001
2015-06-25,0.0001
2015-06-26,0.0001
2015-06-29,0.0002
2015-06-30,0.0001
2015-07-01,0.0001
2015-07-02,0.0001
2015-07-06,0.0002
2015-07-07,0.0002
2015-07-08,0.0002
2015-07-09,0.0003
2015-07-10,0.0001
2015-07-13,0.0002
2015-07-14,0.0001
2015-07-15,0.0002
2015-07-16,0.0002
2015-07-17,0.0003
2015-07-20,0.0004
2015-07-21,0.0003
2015-07-22,0.0004
2015-07-23,0.0003
2015-07-24,0.0004
2015-07-27,0.0005
2015-07-28,0.0005
2015-07-29,0.0006
2015-07-30,0.0007
2015-07-31,0.0008
2015-08-03,0.0008
2015-08-04,0.0008
2015-08-05,0.0008
2015-08-06,0.0004
2015-08-07,0.0006
2015-08-10,0.0012
2015-08-11,0.001
2015-08-12,0.001
2015-08-13,0.001
2015-08-14,0.0009
2015-08-17,0.001
2015-08-18,0.0007
2015-08-19,0.0005
2015-08-20,0.0002
2015-08-21,0.0003
2015-08-24,0.0006
2015-08-25,0.0007
2015-08-26,0.0006
2015-08-27,0.0006
2015-08-28,0.0006
2015-08-31,0.0008
2015-09-01,0.0003
2015-09-02,0.0003
2015-09-03,0.0002
2015-09-04,0.0002
2015-09-08,0.0006
2015-09-09,0.0003
2015-09-10,0.0002
2015-09-11,0.0004
2015-09-14,0.0007
2015-09-15,0.0007
2015-09-16,0.0006
2015-09-17,0.0001
2015-09-18,0.00
2015-09-21,0.0001
2015-09-22,0.00
2015-09-23,0.0001
2015-09-24,0.0001
2015-09-25,0.00
2015-09-28,0.0001
2015-09-29,0.0001
2015-09-30,0.00
2015-10-01,0.00
2015-10-02,0.00
2015-10-05,0.0001
2015-10-06,0.00
2015-10-07,0.00
2015-10-08,0.00
2015-10-09,0.0001
2015-10-13,0.0001
2015-10-14,0.00
2015-10-15,0.0001
2015-10-16,0.0001
2015-10-19,0.0002
2015-10-20,0.0002
2015-10-21,0.0001
2015-10-22,0.00
2015-10-23,0.0001
2015-10-26,0.0002
2015-10-27,0.0003
2015-10-28,0.0004
2015-10-29,0.0007
2015-10-30,0.0008
2015-11-02,0.0008
2015-11-03,0.0006
2015-11-04,0.0005
2015-11-05,0.0005
2015-11-06,0.0008
2015-11-09,0.0014
2015-11-10,0.0013
2015-11-12,0.0014
2015-11-13,0.0014
2015-11-16,0.0015
2015-11-17,0.0014
2015-11-18,0.0012
2015-11-19,0.0011
2015-11-20,0.0012
2015-11-23,0.0014
2015-11-24,0.0016
2015-11-25,0.0019
2015-11-27,0.0018
2015-11-30,0.0022
2015-12-01,0.0021
2015-12-02,0.0021
2015-12-03,0.0021
2015-12-04,0.0023
2015-12-07,0.0029
2015-12-08,0.0027
2015-12-09,0.0026
2015-12-10,0.0024
2015-12-11,0.0023
2015-12-14,0.0026
2015-12-15,0.0025
2015-12-16,0.0027
2015-12-17,0.0023
2015-12-18,0.0019
2015-12-21,0.0024
2015-12-22,0.0021
2015-12-23,0.002
2015-12-24,0.002
2015-12-28,0.0023
2015-12-29,0.0023
2015-12-30,0.0021
2015-12-31,0.0016
2016-01-04,0.0022
2016-01-05,0.002
2016-01-06,0.0021
2016-01-07,0.002
2016-01-08,0.002
2016-01-11,0.0021
2016-01-12,0.0021
2016-01-13,0.0022
2016-01-14,0.0025
2016-01-15,0.0024
2016-01-19,0.0026
2016-01-20,0.0026
2016-01-21,0.0028
2016-01-22,0.0031
2016-01-25,0.0031
2016-01-26,0.0031
2016-01-27,0.0032
2016-01-28,0.0035
2016-01-29,0.0033
2016-02-01,0.0035
2016-02-02,0.0034
2016-02-03,0.0033
2016-02-04,0.0029
2016-02-05,0.003
2016-02-08,0.0032
2016-02-09,0.003
2016-02-10,0.0031
2016-02-11,0.0028
2016-02-12,0.003
2016-02-16,0.003
2016-02-17,0.003
2016-02-18,0.003
2016-02-19,0.0031
2016-02-22,0.0033
2016-02-23,0.0032
2016-02-24,0.0033
2016-02-25,0.0032
2016-02-26,0.0033
2016-02-29,0.0033
2016-03-01,0.0033
2016-03-02,0.0036
2016-03-03,0.0028
2016-03-04,0.0029
2016-03-07,0.0032
2016-03-08,0.0029
2016-03-09,0.003
2016-03-10,0.0032
2016-03-11,0.0033
2016-03-14,0.0034
2016-03-15,0.0034
2016-03-16,0.0031
2016-03-17,0.0029
2016-03-18,0.003
2016-03-21,0.0031
2016-03-22,0.003
2016-03-23,0.003
2016-03-24,0.003
2016-03-28,0.0029
2016-03-29,0.0023
2016-03-30,0.002
2016-03-31,0.0021
2016-04-01,0.0023
2016-04-04,0.0023
2016-04-05,0.0023
2016-04-06,0.0023
2016-04-07,0.0023
2016-04-08,0.0023
2016-04-11,0.0023
2016-04-12,0.0022
2016-04-13,0.0023
2016-04-14,0.0022
2016-04-15,0.0022
2016-04-18,0.0022
2016-04-19,0.0021
2016-04-20,0.0023
2016-04-21,0.0023
2016-04-22,0.0023
2016-04-25,0.0025
2016-04-26,0.0024
2016-04-27,0.0024
2016-04-28,0.0022
2016-04-29,0.0022
2016-05-02,0.0022
2016-05-03,0.0021
2016-05-04,0.0019
2016-05-05,0.002
2016-05-06,0.0019
2016-05-09,0.0024
2016-05-10,0.0024
2016-05-11,0.0026
2016-05-12,0.0027
2016-05-13,0.0029
2016-05-16,0.0028
2016-05-17,0.0028
2016-05-18,0.003
2016-05-19,0.0031
2016-05-20,0.0033
2016-05-23,0.0035
2016-05-24,0.0035
2016-05-25,0.0033
2016-05-26,0.0031
2016-05-27,0.0032
2016-05-31,0.0034
2016-06-01,0.003
2016-06-02,0.0029
2016-06-03,0.003
2016-06-06,0.0028
2016-06-07,0.0028
2016-06-08,0.0024
2016-06-09,0.0026
2016-06-10,0.0026
2016-06-13,0.0027
2016-06-14,0.0027
2016-06-15,0.0026
2016-06-16,0.0027
2016-06-17,0.0027
2016-06-20,0.0028
2016-06-21,0.0027
2016-06-22,0.0027
2016-06-23,0.0031
2016-06-24,0.0027
2016-06-27,0.0027
2016-06-28,0.0026
2016-06-29,0.0026
2016-06-30,0.0026
2016-07-01,0.0028
2016-07-05,0.0028
2016-07-06,0.0027
2016-07-07,0.0029
2016-07-08,0.0028
2016-07-11,0.0031
2016-07-12,0.0029
2016-07-13,0.0031
2016-07-14,0.0032
2016-07-15,0.0032
2016-07-18,0.0032
2016-07-19,0.0031
2016-07-20,0.0032
2016-07-21,0.0032
2016-07-22,0.0033
2016-07-25,0.0032
2016-07-26,0.0031
2016-07-27,0.0031
2016-07-28,0.0025
2016-07-29,0.0028
2016-08-01,0.0029
2016-08-02,0.0029
2016-08-03,0.0028
2016-08-04,0.0026
2016-08-05,0.0028
2016-08-08,0.0031
2016-08-09,0.0029
2016-08-10,0.0028
2016-08-11,0.0028
2016-08-12,0.0029
2016-08-15,0.0031
2016-08-16,0.0027
2016-08-17,0.003
2016-08-18,0.003
2016-08-19,0.003
2016-08-22,0.0029
2016-08-23,0.003
2016-08-24,0.0031
2016-08-25,0.0033
2016-08-26,0.0034
2016-08-29,0.0033
2016-08-30,0.0033
2016-08-31,0.0033
2016-09-01,0.0033
2016-09-02,0.0033
2016-09-06,0.0032
2016-09-07,0.0034
2016-09-08,0.0035
2016-09-09,0.0035
2016-09-12,0.0037
2016-09-13,0.0036
2016-09-14,0.0033
2016-09-15,0.0029
2016-09-16,0.003
2016-09-19,0.003
2016-09-20,0.003
2016-09-21,0.0022
2016-09-22,0.0018
2016-09-23,0.0018
2016-09-26,0.0025
2016-09-27,0.0026
2016-09-28,0.0027
2016-09-29,0.0026
2016-09-30,0.0029
2016-10-03,0.0032
2016-10-04,0.0033
2016-10-05,0.0032
2016-10-06,0.0033
2016-10-07,0.0033
2016-10-11,0.0035
2016-10-12,0.0037
2016-10-13,0.003
2016-10-14,0.0032
2016-10-17,0.0034
2016-10-18,0.0034
2016-10-19,0.0035
2016-10-20,0.0035
2016-10-21,0.0034
2016-10-24,0.0033
2016-10-25,0.0034
2016-10-26,0.0033
2016-10-27,0.003
2016-10-28,0.003
2016-10-31,0.0034
2016-11-01,0.0035
2016-11-02,0.0037
2016-11-03,0.0038
2016-11-04,0.0038
2016-11-07,0.0041
2016-11-08,0.0043
2016-11-09,0.0045
2016-11-10,0.0048
2016-11-14,0.0055
2016-11-15,0.0051
2016-11-16,0.0047
2016-11-17,0.0044
2016-11-18,0.0044
2016-11-21,0.0046
2016-11-22,0.0049
2016-11-23,0.0051
2016-11-25,0.0049
2016-11-28,0.0048
2016-11-29,0.0048
2016-11-30,0.0048
2016-12-01,0.0048
2016-12-02,0.0049
2016-12-05,0.0049
2016-12-06,0.0049
2016-12-07,0.0052
2016-12-08,0.0051
2016-12-09,0.0054
2016-12-12,0.0051
2016-12-13,0.0054
2016-12-14,0.0055
2016-12-15,0.0051
2016-12-16,0.0051
2016-12-19,0.0052
2016-12-20,0.0052
2016-12-21,0.0052
2016-12-22,0.0051
2016-12-23,0.0052
2016-12-27,0.0051
2016-12-28,0.0053
2016-12-29,0.0047
2016-12-30,0.0051
2017-01-03,0.0053
2017-01-04,0.0053
2017-01-05,0.0052
2017-01-06,0.0053
2017-01-09,0.005
2017-01-10,0.0052
2017-01-11,0.0052
2017-01-12,0.0052
2017-01-13,0.0053
2017-01-17,0.0055
2017-01-18,0.0053
2017-01-19,0.0052
2017-01-20,0.005
2017-01-23,0.0051
2017-01-24,0.0051
2017-01-25,0.005
2017-01-26,0.0051
2017-01-27,0.0052
2017-01-30,0.0051
2017-01-31,0.0052
2017-02-01,0.0051
2017-02-02,0.0052
2017-02-03,0.0051
2017-02-06,0.0053
2017-02-07,0.0053
2017-02-08,0.0054
2017-02-09,0.0054
2017-02-10,0.0055
2017-02-13,0.0052
2017-02-14,0.0054
2017-02-15,0.0054
2017-02-16,0.0053
2017-02-17,0.0053
2017-02-21,0.0053
2017-02-22,0.0052
2017-02-23,0.0051
2017-02-24,0.0052
2017-02-27,0.005
2017-02-28,0.0053
2017-03-01,0.0063
2017-03-02,0.0067
2017-03-03,0.0071
2017-03-06,0.0074
2017-03-07,0.0076
2017-03-08,0.0073
2017-03-09,0.0073
2017-03-10,0.0075
2017-03-13,0.0079
2017-03-14,0.0078
2017-03-15,0.0073
2017-03-16,0.0073
2017-03-17,0.0073
2017-03-20,0.0076
2017-03-21,0.0077
2017-03-22,0.0077
2017-03-23,0.0076
2017-03-24,0.0078
2017-03-27,0.0078
2017-03-28,0.0078
2017-03-29,0.0078
2017-03-30,0.0078
2017-03-31,0.0076
2017-04-03,0.0079
2017-04-04,0.0079
2017-04-05,0.008
2017-04-06,0.0079
2017-04-07,0.0082
2017-04-10,0.0082
2017-04-11,0.0082
2017-04-12,0.0081
2017-04-13,0.0081
2017-04-17,0.0083
2017-04-18,0.0082
2017-04-19,0.0081
2017-04-20,0.0079
2017-04-21,0.0079
2017-04-24,0.0081
2017-04-25,0.0082
2017-04-26,0.0083
2017-04-27,0.0081
2017-04-28,0.008
2017-05-01,0.0083
2017-05-02,0.0082
2017-05-03,0.0085
2017-05-04,0.0086
2017-05-05,0.009
2017-05-08,0.0091
2017-05-09,0.0091
2017-05-10,0.009
2017-05-11,0.0089
2017-05-12,0.0088
2017-05-15,0.009
2017-05-16,0.009
2017-05-17,0.009
2017-05-18,0.0093
2017-05-19,0.0092
2017-05-22,0.0093
2017-05-23,0.0092
2017-05-24,0.0093
2017-05-25,0.0094
2017-05-26,0.0094
2017-05-30,0.0093
2017-05-31,0.0098
2017-06-01,0.0098
2017-06-02,0.0098
2017-06-05,0.0096
2017-06-06,0.0097
2017-06-07,0.01
2017-06-08,0.0101
2017-06-09,0.0101
2017-06-12,0.0098
2017-06-13,0.01
2017-06-14,0.0101
2017-06-15,0.0102
2017-06-16,0.0103
2017-06-19,0.0102
2017-06-20,0.0101
2017-06-21,0.0099
2017-06-22,0.0096
2017-06-23,0.0097
2017-06-26,0.0099
2017-06-27,0.01
2017-06-28,0.0102
2017-06-29,0.0104
2017-06-30,0.0103
2017-07-03,0.0106
2017-07-05,0.0105
2017-07-06,0.0104
2017-07-07,0.0105
2017-07-10,0.0104
2017-07-11,0.0105
2017-07-12,0.0105
2017-07-13,0.0105
2017-07-14,0.0104
2017-07-17,0.0107
2017-07-18,0.0107
2017-07-19,0.0111
2017-07-20,0.0115
2017-07-21,0.0116
2017-07-24,0.0117
2017-07-25,0.0118
2017-07-26,0.0113
2017-07-27,0.0111
2017-07-28,0.0108
2017-07-31,0.0107
2017-08-01,0.0108
2017-08-02,0.0108
2017-08-03,0.0108
2017-08-04,0.0108
2017-08-07,0.0102
2017-08-08,0.0106
2017-08-09,0.0106
2017-08-10,0.0105
2017-08-11,0.0103
2017-08-14,0.0102
2017-08-15,0.0104
2017-08-16,0.0102
2017-08-17,0.01
2017-08-18,0.0102
2017-08-21,0.01
2017-08-22,0.01
2017-08-23,0.01
2017-08-24,0.0102
2017-08-25,0.0103
2017-08-28,0.0098
2017-08-29,0.0103
2017-08-30,0.0103
2017-08-31,0.0101
2017-09-01,0.0102
2017-09-05,0.0103
2017-09-06,0.0107
2017-09-07,0.0105
2017-09-08,0.0104
2017-09-11,0.0105
2017-09-12,0.0103
2017-09-13,0.0104
2017-09-14,0.0105
2017-09-15,0.0105
2017-09-18,0.0105
2017-09-19,0.0104
2017-09-20,0.0104
2017-09-21,0.0104
2017-09-22,0.0103
2017-09-25,0.0105
2017-09-26,0.0106
2017-09-27,0.0107
2017-09-28,0.0106
2017-09-29,0.0106
2017-10-02,0.0101
2017-10-03,0.0107
2017-10-04,0.0108
2017-10-05,0.0107
2017-10-06,0.0107
2017-10-10,0.0108
2017-10-11,0.011
2017-10-12,0.0109
2017-10-13,0.0109
2017-10-16,0.011
2017-10-17,0.0109
2017-10-18,0.0109
2017-10-19,0.011
2017-10-20,0.0111
2017-10-23,0.0109
2017-10-24,0.0112
2017-10-25,0.0112
2017-10-26,0.0111
2017-10-27,0.011
2017-10-30,0.0112
2017-10-31,0.0115
2017-11-01,0.0118
2017-11-02,0.0117
2017-11-03,0.0118
2017-11-06,0.0119
2017-11-07,0.0122
2017-11-08,0.0123
2017-11-09,0.0124
2017-11-10,0.0123
2017-11-13,0.0124
2017-11-14,0.0126
2017-11-15,0.0125
2017-11-16,0.0127
2017-11-17,0.0129
2017-11-20,0.013
2017-11-21,0.013
2017-11-22,0.0129
2017-11-24,0.0129
2017-11-27,0.0127
2017-11-28,0.013
2017-11-29,0.0129
2017-11-30,0.0127
2017-12-01,0.0127
2017-12-04,0.0129
2017-12-05,0.013
2017-12-06,0.013
2017-12-07,0.0129
2017-12-08,0.0128
2017-12-11,0.0133
2017-12-12,0.0134
2017-12-13,0.013
2017-12-14,0.0132
2017-12-15,0.0131
2017-12-18,0.0138
2017-12-19,0.0137
2017-12-20,0.0138
2017-12-21,0.0135
2017-12-22,0.0133
2017-12-26,0.0147
2017-12-27,0.0144
2017-12-28,0.0139
2017-12-29,0.0139
2018-01-02,0.0144
2018-01-03,0.0141
2018-01-04,0.0141
2018-01-05,0.0139
2018-01-08,0.0145
2018-01-09,0.0144
2018-01-10,0.0142
2018-01-11,0.0143
2018-01-12,0.0143
2018-01-16,0.0145
2018-01-17,0.0144
2018-01-18,0.0145
2018-01-19,0.0144
2018-01-22,0.0144
2018-01-23,0.0144
2018-01-24,0.0143
2018-01-25,0.0142
2018-01-26,0.0141
2018-01-29,0.0144
2018-01-30,0.0144
2018-01-31,0.0146
2018-02-01,0.0148
2018-02-02,0.0148
2018-02-05,0.0151
2018-02-06,0.0152
2018-02-07,0.0155
2018-02-08,0.0155
2018-02-09,0.0155
2018-02-12,0.0162
2018-02-13,0.0159
2018-02-14,0.0158
2018-02-15,0.0158
2018-02-16,0.0162
2018-02-20,0.0166
2018-02-21,0.0164
2018-02-22,0.0163
2018-02-23,0.0164
2018-02-26,0.0166
2018-02-27,0.0166
2018-02-28,0.0165
2018-03-01,0.0163
2018-03-02,0.0165
2018-03-05,0.017
2018-03-06,0.0168
2018-03-07,0.0168
2018-03-08,0.0167
2018-03-09,0.0167
2018-03-12,0.0171
2018-03-13,0.0173
2018-03-14,0.0176
2018-03-15,0.0177
2018-03-16,0.0178
2018-03-19,0.018
2018-03-20,0.0181
2018-03-21,0.0174
2018-03-22,0.0172
2018-03-23,0.0174
2018-03-26,0.0179
2018-03-27,0.0177
2018-03-28,0.0173
2018-03-29,0.0173
2018-04-02,0.0177
2018-04-03,0.0175
2018-04-04,0.0171
2018-04-05,0.0172
2018-04-06,0.0173
2018-04-09,0.0176
2018-04-10,0.0174
2018-04-11,0.0173
2018-04-12,0.0175
2018-04-13,0.0176
2018-04-16,0.0179
2018-04-17,0.018
2018-04-18,0.0181
2018-04-19,0.0182
2018-04-20,0.0181
2018-04-23,0.0187
2018-04-24,0.0187
2018-04-25,0.0185
2018-04-26,0.0182
2018-04-27,0.0182
2018-04-30,0.0187
2018-05-01,0.0185
2018-05-02,0.0184
2018-05-03,0.0184
2018-05-04,0.0184
2018-05-07,0.0186
2018-05-08,0.0187
2018-05-09,0.0188
2018-05-10,0.019
2018-05-11,0.0192
2018-05-14,0.0193
2018-05-15,0.0192
2018-05-16,0.0192
2018-05-17,0.0192
2018-05-18,0.0191
2018-05-21,0.0193
2018-05-22,0.0193
2018-05-23,0.0192
2018-05-24,0.0191
2018-05-25,0.019
2018-05-29,0.0193
2018-05-30,0.0194
2018-05-31,0.0193
2018-06-01,0.0192
2018-06-04,0.0194
2018-06-05,0.0194
2018-06-06,0.0195
2018-06-07,0.0194
2018-06-08,0.0193
2018-06-11,0.0194
2018-06-12,0.0192
2018-06-13,0.0194
2018-06-14,0.0194
2018-06-15,0.0194
2018-06-18,0.0194
2018-06-19,0.0194
2018-06-20,0.0194
2018-06-21,0.0194
2018-06-22,0.0193
2018-06-25,0.0193
2018-06-26,0.0193
2018-06-27,0.0193
2018-06-28,0.0193
2018-06-29,0.0193
2018-07-02,0.0198
2018-07-03,0.0198
2018-07-05,0.0196
2018-07-06,0.0197
2018-07-09,0.0198
2018-07-10,0.0199
2018-07-11,0.0197
2018-07-12,0.0198
2018-07-13,0.0198
2018-07-16,0.0201
2018-07-17,0.0202
2018-07-18,0.02
2018-07-19,0.02
2018-07-20,0.0199
2018-07-23,0.0199
2018-07-24,0.0202
2018-07-25,0.0201
2018-07-26,0.0199
2018-07-27,0.02
2018-07-30,0.0204
2018-07-31,0.0203
2018-08-01,0.0203
2018-08-02,0.0202
2018-08-03,0.0201
2018-08-06,0.0205
2018-08-07,0.0206
2018-08-08,0.0206
2018-08-09,0.0206
2018-08-10,0.0205
2018-08-13,0.0206
2018-08-14,0.0208
2018-08-15,0.0207
2018-08-16,0.0207
2018-08-17,0.0205
2018-08-20,0.0206
2018-08-21,0.0208
2018-08-22,0.0209
2018-08-23,0.0208
2018-08-24,0.0209
2018-08-27,0.0212
2018-08-28,0.0213
2018-08-29,0.0213
2018-08-30,0.0211
2018-08-31,0.0211
2018-09-04,0.0213
2018-09-05,0.0214
2018-09-06,0.0213
2018-09-07,0.0214
2018-09-10,0.0214
2018-09-11,0.0215
2018-09-12,0.0216
2018-09-13,0.0215
2018-09-14,0.0216
2018-09-17,0.0216
2018-09-18,0.0217
2018-09-19,0.0216
2018-09-20,0.0217
2018-09-21,0.0218
2018-09-24,0.0222
2018-09-25,0.0221
2018-09-26,0.022
2018-09-27,0.0218
2018-09-28,0.0219
2018-10-01,0.0223
2018-10-02,0.0223
2018-10-03,0.0223
2018-10-04,0.0222
2018-10-05,0.0223
2018-10-09,0.0225
2018-10-10,0.0227
2018-10-11,0.0227
2018-10-12,0.0228
2018-10-15,0.0231
2018-10-16,0.023
2018-10-17,0.0231
2018-10-18,0.0232
2018-10-19,0.0231
2018-10-22,0.0234
2018-10-23,0.0233
2018-10-24,0.0234
2018-10-25,0.0234
2018-10-26,0.0233
2018-10-29,0.0234
2018-10-30,0.0233
2018-10-31,0.0234
2018-11-01,0.0232
2018-11-02,0.0233
2018-11-05,0.0236
2018-11-06,0.0235
2018-11-07,0.0237
2018-11-08,0.0235
2018-11-09,0.0236
2018-11-13,0.0238
2018-11-14,0.0238
2018-11-15,0.0237
2018-11-16,0.0236
2018-11-19,0.0238
2018-11-20,0.0239
2018-11-21,0.0241
2018-11-23,0.0241
2018-11-26,0.0241
2018-11-27,0.0241
2018-11-28,0.024
2018-11-29,0.0237
2018-11-30,0.0237
2018-12-03,0.0238
2018-12-04,0.0242
2018-12-06,0.0241
2018-12-07,0.024
2018-12-10,0.0241
2018-12-11,0.0241
2018-12-12,0.0243
2018-12-13,0.0243
2018-12-14,0.0242
2018-12-17,0.024
2018-12-18,0.0239
2018-12-19,0.024
2018-12-20,0.0239
2018-12-21,0.0239
2018-12-24,0.0245
2018-12-26,0.0244
2018-12-27,0.0241
2018-12-28,0.024
2018-12-31,0.0245
2019-01-02,0.0242
2019-01-03,0.0241
2019-01-04,0.0242
2019-01-07,0.0245
2019-01-08,0.0246
2019-01-09,0.0245
2019-01-10,0.0243
2019-01-11,0.0243
2019-01-14,0.0245
2019-01-15,0.0245
2019-01-16,0.0243
2019-01-17,0.0242
2019-01-18,0.0241
2019-01-22,0.0243
2019-01-23,0.0241
2019-01-24,0.0237
2019-01-25,0.0239
2019-01-28,0.0242
2019-01-29,0.0242
2019-01-30,0.0242
2019-01-31,0.0241
2019-02-01,0.024
2019-02-04,0.0242
2019-02-05,0.0242
2019-02-06,0.0242
2019-02-07,0.0242
2019-02-08,0.0243
2019-02-11,0.0245
2019-02-12,0.0243
2019-02-13,0.0244
2019-02-14,0.0243
2019-02-15,0.0243
2019-02-19,0.0245
2019-02-20,0.0245
2019-02-21,0.0245
2019-02-22,0.0246
2019-02-25,0.0247
2019-02-26,0.0245
2019-02-27,0.0245
2019-02-28,0.0245
2019-03-01,0.0244
2019-03-04,0.0246
2019-03-05,0.0246
2019-03-06,0.0247
2019-03-07,0.0245
2019-03-08,0.0246
2019-03-11,0.0246
2019-03-12,0.0246
2019-03-13,0.0245
2019-03-14,0.0245
2019-03-15,0.0245
2019-03-18,0.0244
2019-03-19,0.0246
2019-03-20,0.0248
2019-03-21,0.0249
2019-03-22,0.0246
2019-03-25,0.0246
2019-03-26,0.0246
2019-03-27,0.0244
2019-03-28,0.0243
2019-03-29,0.024
2019-04-01,0.0243
2019-04-02,0.0242
2019-04-03,0.0244
2019-04-04,0.0244
2019-04-05,0.0244
2019-04-08,0.0243
2019-04-09,0.0242
2019-04-10,0.0243
2019-04-11,0.0243
2019-04-12,0.0244
2019-04-15,0.0243
2019-04-16,0.0243
2019-04-17,0.0244
2019-04-18,0.0242
2019-04-22,0.0244
2019-04-23,0.0245
2019-04-24,0.0244
2019-04-25,0.0243
2019-04-26,0.0242
2019-04-29,0.0244
2019-04-30,0.0243
2019-05-01,0.0243
2019-05-02,0.0247
2019-05-03,0.0243
2019-05-06,0.0244
2019-05-07,0.0243
2019-05-08,0.0243
2019-05-09,0.0243
2019-05-10,0.0243
2019-05-13,0.0241
2019-05-14,0.0241
2019-05-15,0.0242
2019-05-16,0.024
2019-05-17,0.0239
2019-05-20,0.0239
2019-05-21,0.0239
2019-05-22,0.0238
2019-05-23,0.0237
2019-05-24,0.0235
2019-05-28,0.0237
2019-05-29,0.0237
2019-05-30,0.0238
2019-05-31,0.0235
2019-06-03,0.0235
2019-06-04,0.0235
2019-06-05,0.0235
2019-06-06,0.0233
2019-06-07,0.0228
2019-06-10,0.0229
2019-06-11,0.0227
2019-06-12,0.0224
2019-06-13,0.0219
2019-06-14,0.022
2019-06-17,0.0223
2019-06-18,0.0222
2019-06-19,0.0218
2019-06-20,0.0214
2019-06-21,0.0211
2019-06-24,0.0213
2019-06-25,0.0212
2019-06-26,0.0215
2019-06-27,0.0214
2019-06-28,0.0212
2019-07-01,0.0221
2019-07-02,0.022
2019-07-03,0.0221
2019-07-05,0.0223
2019-07-08,0.0226
2019-07-09,0.0226
2019-07-10,0.022
2019-07-11,0.0217
2019-07-12,0.0214
2019-07-15,0.0216
2019-07-16,0.0215
2019-07-17,0.0214
2019-07-18,0.0205
2019-07-19,0.0206
2019-07-22,0.0209
2019-07-23,0.0206
2019-07-24,0.021
2019-07-25,0.021
2019-07-26,0.0212
2019-07-29,0.0212
2019-07-30,0.0208
2019-07-31,0.0208
2019-08-01,0.0207
2019-08-02,0.0206
2019-08-05,0.0205
2019-08-06,0.0205
2019-08-07,0.0202
2019-08-08,0.0202
2019-08-09,0.02
2019-08-12,0.02
2019-08-13,0.02
2019-08-14,0.0196
2019-08-15,0.0191
2019-08-16,0.0187
2019-08-19,0.0194
2019-08-20,0.0194
2019-08-21,0.0197
2019-08-22,0.02
2019-08-23,0.0197
2019-08-26,0.0201
2019-08-27,0.0198
2019-08-28,0.0199
2019-08-29,0.0199
2019-08-30,0.0199
2019-09-03,0.0198
2019-09-04,0.0197
2019-09-05,0.0197
2019-09-06,0.0196
2019-09-09,0.0196
2019-09-10,0.0195
2019-09-11,0.0196
2019-09-12,0.0195
2019-09-13,0.0196
2019-09-16,0.0199
2019-09-17,0.0199
2019-09-18,0.0195
2019-09-19,0.0193
2019-09-20,0.0191
2019-09-23,0.0194
2019-09-24,0.0192
2019-09-25,0.0189
2019-09-26,0.0183
2019-09-27,0.018
2019-09-30,0.0188
2019-10-01,0.0182
2019-10-02,0.0179
2019-10-03,0.017
2019-10-04,0.0171
2019-10-07,0.0175
2019-10-08,0.0172
2019-10-09,0.0169
2019-10-10,0.0168
2019-10-11,0.0168
2019-10-15,0.0167
2019-10-16,0.0166
2019-10-17,0.0166
2019-10-18,0.0166
2019-10-21,0.0167
2019-10-22,0.0165
2019-10-23,0.0165
2019-10-24,0.0167
2019-10-25,0.0166
2019-10-28,0.0165
2019-10-29,0.0163
2019-10-30,0.0162
2019-10-31,0.0154
2019-11-01,0.0152
2019-11-04,0.0153
2019-11-05,0.0156
2019-11-06,0.0156
2019-11-07,0.0156
2019-11-08,0.0155
2019-11-12,0.0159
2019-11-13,0.0157
2019-11-14,0.0157
2019-11-15,0.0157
2019-11-18,0.0157
2019-11-19,0.0157
2019-11-20,0.0157
2019-11-21,0.0158
2019-11-22,0.0158
2019-11-25,0.0161
2019-11-26,0.016
2019-11-27,0.0162
2019-11-29,0.0159
2019-12-02,0.016
2019-12-03,0.0157
2019-12-04,0.0155
2019-12-05,0.0154
2019-12-06,0.0153
2019-12-09,0.0154
2019-12-10,0.0156
2019-12-11,0.0157
2019-12-12,0.0156
2019-12-13,0.0157
2019-12-16,0.0157
2019-12-17,0.0156
2019-12-18,0.0156
2019-12-19,0.0157
2019-12-20,0.0158
2019-12-23,0.0159
2019-12-24,0.0158
2019-12-26,0.0158
2019-12-27,0.0157
2019-12-30,0.0157
2019-12-31,0.0155
2020-01-02,0.0154
2020-01-03,0.0152
2020-01-06,0.0156
2020-01-07,0.0154
2020-01-08,0.0154
2020-01-09,0.0154
2020-01-10,0.0154
2020-01-13,0.0157
2020-01-14,0.0157
2020-01-15,0.0157
2020-01-16,0.0155
2020-01-17,0.0156
2020-01-21,0.0156
2020-01-22,0.0155
2020-01-23,0.0155
2020-01-24,0.0154
2020-01-27,0.0155
2020-01-28,0.0157
2020-01-29,0.0156
2020-01-30,0.0157
2020-01-31,0.0155
2020-02-03,0.0157
2020-02-04,0.0157
2020-02-05,0.0157
2020-02-06,0.0157
2020-02-07,0.0156
2020-02-10,0.0158
2020-02-11,0.0157
2020-02-12,0.0158
2020-02-13,0.0159
2020-02-14,0.0158
2020-02-18,0.0158
2020-02-19,0.0158
2020-02-20,0.0158
2020-02-21,0.0156
2020-02-24,0.0153
2020-02-25,0.0153
2020-02-26,0.0153
2020-02-27,0.0145
2020-02-28,0.0127
2020-03-02,0.0113
2020-03-03,0.0095
2020-03-04,0.0072
2020-03-05,0.0062
2020-03-06,0.0045
2020-03-09,0.0033
2020-03-10,0.0044
2020-03-11,0.0042
2020-03-12,0.0033
2020-03-13,0.0028
2020-03-16,0.0024
2020-03-17,0.0019
2020-03-18,0.0002
2020-03-19,0.0004
2020-03-20,0.0005
2020-03-23,0.0002
2020-03-24,0.0001
2020-03-25,0.00
2020-03-26,0.00
2020-03-27,0.0003
2020-03-30,0.0012
2020-03-31,0.0011
2020-04-01,0.0009
2020-04-02,0.0009
2020-04-03,0.001
2020-04-06,0.0015
2020-04-07,0.0014
2020-04-08,0.0022
2020-04-09,0.0025
2020-04-13,0.0026
2020-04-14,0.002
2020-04-15,0.0014
2020-04-16,0.0014
2020-04-17,0.0012
2020-04-20,0.0012
2020-04-21,0.0011
2020-04-22,0.0012
2020-04-23,0.0011
2020-04-24,0.0012
2020-04-27,0.0012
2020-04-28,0.0011
2020-04-29,0.001
2020-04-30,0.0009
2020-05-01,0.0012
2020-05-04,0.0013
2020-05-05,0.0013
2020-05-06,0.0012
2020-05-07,0.0011
2020-05-08,0.0012
2020-05-11,0.0012
2020-05-12,0.0013
2020-05-13,0.0013
2020-05-14,0.0012
2020-05-15,0.0012
2020-05-18,0.0013
2020-05-19,0.0013
2020-05-20,0.0012
2020-05-21,0.0012
2020-05-22,0.0012
2020-05-26,0.0014
2020-05-27,0.0015
2020-05-28,0.0015
2020-05-29,0.0014
2020-06-01,0.0014
2020-06-02,0.0015
2020-06-03,0.0016
2020-06-04,0.0015
2020-06-05,0.0015
2020-06-08,0.0017
2020-06-09,0.0019
2020-06-10,0.0017
2020-06-11,0.0017
2020-06-12,0.0016
2020-06-15,0.0018
2020-06-16,0.0017
2020-06-17,0.0017
2020-06-18,0.0016
2020-06-19,0.0015
2020-06-22,0.0016
2020-06-23,0.0016
2020-06-24,0.0015
2020-06-25,0.0016
2020-06-26,0.0014
2020-06-29,0.0014
2020-06-30,0.0016
2020-07-01,0.0014
2020-07-02,0.0014
2020-07-06,0.0015
2020-07-07,0.0015
2020-07-08,0.0015
2020-07-09,0.0013
2020-07-10,0.0013
2020-07-13,0.0014
2020-07-14,0.0015
2020-07-15,0.0016
2020-07-16,0.0011
2020-07-17,0.0011
2020-07-20,0.0013
2020-07-21,0.0013
2020-07-22,0.0013
2020-07-23,0.0012
2020-07-24,0.0011
2020-07-27,0.0011
2020-07-28,0.0011
2020-07-29,0.0011
2020-07-30,0.0009
2020-07-31,0.0009
2020-08-03,0.001
2020-08-04,0.0009
2020-08-05,0.001
2020-08-06,0.001
2020-08-07,0.001
2020-08-10,0.0011
2020-08-11,0.0011
2020-08-12,0.0011
2020-08-13,0.001
2020-08-14,0.001
2020-08-17,0.001
2020-08-18,0.0009
2020-08-19,0.0011
2020-08-20,0.0011
2020-08-21,0.001
2020-08-24,0.0012
2020-08-25,0.0011
2020-08-26,0.0011
2020-08-27,0.0011
2020-08-28,0.001
2020-08-31,0.0011
2020-09-01,0.0012
2020-09-02,0.0012
2020-09-03,0.0011
2020-09-04,0.0011
2020-09-08,0.0013
2020-09-09,0.0012
2020-09-10,0.0012
2020-09-11,0.0011
2020-09-14,0.0011
2020-09-15,0.0011
2020-09-16,0.0012
2020-09-17,0.0009
2020-09-18,0.001
2020-09-21,0.001
2020-09-22,0.001
2020-09-23,0.0011
2020-09-24,0.001
2020-09-25,0.001
2020-09-28,0.0011
2020-09-29,0.0009
2020-09-30,0.001
2020-10-01,0.0009
2020-10-02,0.0009
2020-10-05,0.001
2020-10-06,0.001
2020-10-07,0.001
2020-10-08,0.0009
2020-10-09,0.001
2020-10-13,0.0011
2020-10-14,0.0012
2020-10-15,0.0011
2020-10-16,0.0011
2020-10-19,0.0011
2020-10-20,0.001
2020-10-21,0.001
2020-10-22,0.0009
2020-10-23,0.001
2020-10-26,0.0011
2020-10-27,0.001
2020-10-28,0.001
2020-10-29,0.0009
2020-10-30,0.0009
2020-11-02,0.0009
2020-11-03,0.001
2020-11-04,0.001
2020-11-05,0.001
2020-11-06,0.001
2020-11-09,0.0011
2020-11-10,0.001
2020-11-12,0.001
2020-11-13,0.0009
2020-11-16,0.0009
2020-11-17,0.0009
2020-11-18,0.0009
2020-11-19,0.0007
2020-11-20,0.0007
2020-11-23,0.0008
2020-11-24,0.0009
2020-11-25,0.0009
2020-11-27,0.0009
2020-11-30,0.0008
2020-12-01,0.0009
2020-12-02,0.0009
2020-12-03,0.0008
2020-12-04,0.0009
2020-12-07,0.0008
2020-12-08,0.0009
2020-12-09,0.0008
2020-12-10,0.0008
2020-12-11,0.0008
2020-12-14,0.0009
2020-12-15,0.0008
2020-12-16,0.0009
2020-12-17,0.0008
2020-12-18,0.0008
2020-12-21,0.0009
2020-12-22,0.0009
2020-12-23,0.0009
2020-12-24,0.0009
2020-12-28,0.0011
2020-12-29,0.001
2020-12-30,0.0008
2020-12-31,0.0009
2021-01-04,0.0009
2021-01-05,0.0009
2021-01-06,0.0009
2021-01-07,0.0009
2021-01-08,0.0008
2021-01-11,0.0008
2021-01-12,0.0009
2021-01-13,0.0009
2021-01-14,0.0009
2021-01-15,0.0009
2021-01-19,0.0009
2021-01-20,0.0008
2021-01-21,0.0009
2021-01-22,0.0008
2021-01-25,0.0009
2021-01-26,0.0007
2021-01-27,0.0008
2021-01-28,0.0007
2021-01-29,0.0006
2021-02-01,0.0007
2021-02-02,0.0007
2021-02-03,0.0004
2021-02-04,0.0004
2021-02-05,0.0003
2021-02-08,0.0005
2021-02-09,0.0004
2021-02-10,0.0005
2021-02-11,0.0005
2021-02-12,0.0004
2021-02-16,0.0004
2021-02-17,0.0004
2021-02-18,0.0003
2021-02-19,0.0004
2021-02-22,0.0003
2021-02-23,0.0004
2021-02-24,0.0003
2021-02-25,0.0004
2021-02-26,0.0004
2021-03-01,0.0005
2021-03-02,0.0004
2021-03-03,0.0005
2021-03-04,0.0004
2021-03-05,0.0004
2021-03-08,0.0005
2021-03-09,0.0005
2021-03-10,0.0004
2021-03-11,0.0004
2021-03-12,0.0004
2021-03-15,0.0004
2021-03-16,0.0002
2021-03-17,0.0002
2021-03-18,0.0001
2021-03-19,0.0001
2021-03-22,0.0003
2021-03-23,0.0001
2021-03-24,0.0002
2021-03-25,0.0002
2021-03-26,0.0002
2021-03-29,0.0003
2021-03-30,0.0002
2021-03-31,0.0003
2021-04-01,0.0002
2021-04-02,0.0002
2021-04-05,0.0003
2021-04-06,0.0002
2021-04-07,0.0002
2021-04-08,0.0001
2021-04-09,0.0002
2021-04-12,0.0002
2021-04-13,0.0003
2021-04-14,0.0002
2021-04-15,0.0002
2021-04-16,0.0002
2021-04-19,0.0002
2021-04-20,0.0003
2021-04-21,0.0003
2021-04-22,0.0003
2021-04-23,0.0003
2021-04-26,0.0003
2021-04-27,0.0001
2021-04-28,0.0001
2021-04-29,0.0001
2021-04-30,0.0001
2021-05-03,0.0004
2021-05-04,0.0002
2021-05-05,0.0002
2021-05-06,0.0002
2021-05-07,0.0002
2021-05-10,0.0002
2021-05-11,0.0001
2021-05-12,0.0002
2021-05-13,0.0002
2021-05-14,0.0001
2021-05-17,0.0002
2021-05-18,0.0002
2021-05-19,0.0001
2021-05-20,0.0001
2021-05-21,0.0001
2021-05-24,0.0002
2021-05-25,0.0002
2021-05-26,0.0002
2021-05-27,0.0002
2021-05-28,0.0001
2021-06-01,0.0002
2021-06-02,0.0002
2021-06-03,0.0002
2021-06-04,0.0002
2021-06-07,0.0002
2021-06-08,0.0002
2021-06-09,0.0003
2021-06-10,0.0003
2021-06-11,0.0003
2021-06-14,0.0003
2021-06-15,0.0003
2021-06-16,0.0004
2021-06-17,0.0004
2021-06-18,0.0005
2021-06-21,0.0005
2021-06-22,0.0004
2021-06-23,0.0005
2021-06-24,0.0005
2021-06-25,0.0006
2021-06-28,0.0005
2021-06-29,0.0004
2021-06-30,0.0005
2021-07-01,0.0005
2021-07-02,0.0005
2021-07-06,0.0005
2021-07-07,0.0005
2021-07-08,0.0006
2021-07-09,0.0006
2021-07-12,0.0005
2021-07-13,0.0005
2021-07-14,0.0006
2021-07-15,0.0005
2021-07-16,0.0005
2021-07-19,0.0005
2021-07-20,0.0005
2021-07-21,0.0005
2021-07-22,0.0005
2021-07-23,0.0005
2021-07-26,0.0005
2021-07-27,0.0005
2021-07-28,0.0005
2021-07-29,0.0006
2021-07-30,0.0006
2021-08-02,0.0005
2021-08-03,0.0005
2021-08-04,0.0005
2021-08-05,0.0005
2021-08-06,0.0006
2021-08-09,0.0006
2021-08-10,0.0005
2021-08-11,0.0005
2021-08-12,0.0006
2021-08-13,0.0006
2021-08-16,0.0006
2021-08-17,0.0007
2021-08-18,0.0007
2021-08-19,0.0006
2021-08-20,0.0005
2021-08-23,0.0005
2021-08-24,0.0005
2021-08-25,0.0006
2021-08-26,0.0005
2021-08-27,0.0005
2021-08-30,0.0005
2021-08-31,0.0004
2021-09-01,0.0005
2021-09-02,0.0005
2021-09-03,0.0005
2021-09-07,0.0005
2021-09-08,0.0005
2021-09-09,0.0004
2021-09-10,0.0005
2021-09-13,0.0006
2021-09-14,0.0004
2021-09-15,0.0004
2021-09-16,0.0004
2021-09-17,0.0004
2021-09-20,0.0004
2021-09-21,0.0003
2021-09-22,0.0003
2021-09-23,0.0003
2021-09-24,0.0003
2021-09-27,0.0004
2021-09-28,0.0004
2021-09-29,0.0004
2021-09-30,0.0004
2021-10-01,0.0004
2021-10-04,0.0004
2021-10-05,0.0004
2021-10-06,0.0004
2021-10-07,0.0005
2021-10-08,0.0005
2021-10-12,0.0006
2021-10-13,0.0005
2021-10-14,0.0005
2021-10-15,0.0005
2021-10-18,0.0006
2021-10-19,0.0005
2021-10-20,0.0005
2021-10-21,0.0006
2021-10-22,0.0006
2021-10-25,0.0006
2021-10-26,0.0006
2021-10-27,0.0006
2021-10-28,0.0006
2021-10-29,0.0005
2021-11-01,0.0005
2021-11-02,0.0005
2021-11-03,0.0005
2021-11-04,0.0004
2021-11-05,0.0005
2021-11-08,0.0006
2021-11-09,0.0004
2021-11-10,0.0005
2021-11-12,0.0005
2021-11-15,0.0005
2021-11-16,0.0005
2021-11-17,0.0005
2021-11-18,0.0005
2021-11-19,0.0005
2021-11-22,0.0005
2021-11-23,0.0006
2021-11-24,0.0006
2021-11-26,0.0006
2021-11-29,0.0006
2021-11-30,0.0005
2021-12-01,0.0006
2021-12-02,0.0005
2021-12-03,0.0006
2021-12-06,0.0005
2021-12-07,0.0006
2021-12-08,0.0007
2021-12-09,0.0006
2021-12-10,0.0006
2021-12-13,0.0005
2021-12-14,0.0005
2021-12-15,0.0005
2021-12-16,0.0005
2021-12-17,0.0005
2021-12-20,0.0007
2021-12-21,0.0007
2021-12-22,0.0008
2021-12-23,0.0007
2021-12-27,0.0006
2021-12-28,0.0006
2021-12-29,0.0005
2021-12-30,0.0005
2021-12-31,0.0006
2022-01-03,0.0008
2022-01-04,0.0008
2022-01-05,0.0009
2022-01-06,0.001
2022-01-07,0.001
2022-01-10,0.0013
2022-01-11,0.0011
2022-01-12,0.0012
2022-01-13,0.0012
2022-01-14,0.0013
2022-01-18,0.0016
2022-01-19,0.0017
2022-01-20,0.0017
2022-01-21,0.0017
2022-01-24,0.0019
2022-01-25,0.0019
2022-01-26,0.0019
2022-01-27,0.002
2022-01-28,0.0019
2022-01-31,0.0022
2022-02-01,0.0019
2022-02-02,0.0019
2022-02-03,0.002
2022-02-04,0.0023
2022-02-07,0.0027
2022-02-08,0.0025
2022-02-09,0.0026
2022-02-10,0.004
2022-02-11,0.0036
2022-02-14,0.0043
2022-02-15,0.004
2022-02-16,0.0038
2022-02-17,0.0036
2022-02-18,0.0035
2022-02-22,0.0037
2022-02-23,0.0034
2022-02-24,0.0032
2022-02-25,0.0033
2022-02-28,0.0035
2022-03-01,0.0032
2022-03-02,0.0034
2022-03-03,0.0038
2022-03-04,0.0034
2022-03-07,0.0038
2022-03-08,0.0036
2022-03-09,0.0038
2022-03-10,0.0039
2022-03-11,0.004
2022-03-14,0.0045
2022-03-15,0.0046
2022-03-16,0.0044
2022-03-17,0.004
2022-03-18,0.0042
2022-03-21,0.0054
2022-03-22,0.0051
2022-03-23,0.005
2022-03-24,0.0052
2022-03-25,0.0055
2022-03-28,0.0059
2022-03-29,0.0055
2022-03-30,0.0055
2022-03-31,0.0052
2022-04-01,0.0053
2022-04-04,0.0066
2022-04-05,0.0065
2022-04-06,0.0067
2022-04-07,0.0068
2022-04-08,0.007
2022-04-11,0.0077
2022-04-12,0.0074
2022-04-13,0.0075
2022-04-14,0.0079
2022-04-18,0.0081
2022-04-19,0.0081
2022-04-20,0.0082
2022-04-21,0.0083
2022-04-22,0.0083
2022-04-25,0.0091
2022-04-26,0.0083
2022-04-27,0.0082
2022-04-28,0.0082
2022-04-29,0.0085
2022-05-02,0.009
2022-05-03,0.0091
2022-05-04,0.0089
2022-05-05,0.0085
2022-05-06,0.0085
2022-05-09,0.0092
2022-05-10,0.0089
2022-05-11,0.0091
2022-05-12,0.0096
2022-05-13,0.0103
2022-05-16,0.0107
2022-05-17,0.0106
2022-05-18,0.0103
2022-05-19,0.0105
2022-05-20,0.0103
2022-05-23,0.0107
2022-05-24,0.0106
2022-05-25,0.0106
2022-05-26,0.0107
2022-05-27,0.0108
2022-05-31,0.0116
2022-06-01,0.0115
2022-06-02,0.0117
2022-06-03,0.0121
2022-06-06,0.0126
2022-06-07,0.0126
2022-06-08,0.0128
2022-06-09,0.013
2022-06-10,0.0139
2022-06-13,0.0173
2022-06-14,0.0183
2022-06-15,0.0174
2022-06-16,0.0159
2022-06-17,0.0163
2022-06-21,0.017
2022-06-22,0.0161
2022-06-23,0.0165
2022-06-24,0.0173
2022-06-27,0.0179
2022-06-28,0.0179
2022-06-29,0.0178
2022-06-30,0.0172
2022-07-01,0.0173
2022-07-05,0.019
2022-07-06,0.019
2022-07-07,0.0195
2022-07-08,0.0198
2022-07-11,0.0218
2022-07-12,0.0222
2022-07-13,0.0239
2022-07-14,0.024
2022-07-15,0.0237
2022-07-18,0.025
2022-07-19,0.0252
2022-07-20,0.0251
2022-07-21,0.0248
2022-07-22,0.0249
2022-07-25,0.0262
2022-07-26,0.0255
2022-07-27,0.0244
2022-07-28,0.0242
2022-07-29,0.0241
2022-08-01,0.0256
2022-08-02,0.0256
2022-08-03,0.0252
2022-08-04,0.025
2022-08-05,0.0258
2022-08-08,0.0265
2022-08-09,0.0267
2022-08-10,0.0265
2022-08-11,0.0262
2022-08-12,0.0263
2022-08-15,0.0272
2022-08-16,0.027
2022-08-17,0.0268
2022-08-18,0.0271
2022-08-19,0.0274
2022-08-22,0.0282
2022-08-23,0.028
2022-08-24,0.0282
2022-08-25,0.0288
2022-08-26,0.0289
2022-08-29,0.0297
2022-08-30,0.0297
2022-08-31,0.0296
2022-09-01,0.0297
2022-09-02,0.0294
2022-09-06,0.0304
2022-09-07,0.0307
2022-09-08,0.0306
2022-09-09,0.0308
2022-09-12,0.0317
2022-09-13,0.0328
2022-09-14,0.0324
2022-09-15,0.0322
2022-09-16,0.032
2022-09-19,0.0337
2022-09-20,0.0335
2022-09-21,0.0331
2022-09-22,0.0329
2022-09-23,0.0324
2022-09-26,0.0339
2022-09-27,0.0335
2022-09-28,0.034
2022-09-29,0.0336
2022-09-30,0.0333
2022-10-03,0.0346
2022-10-04,0.0345
2022-10-05,0.0346
2022-10-06,0.0346
2022-10-07,0.0345
2022-10-11,0.0367
2022-10-12,0.037
2022-10-13,0.0379
2022-10-14,0.0381
2022-10-17,0.0397
2022-10-18,0.0404
2022-10-19,0.0407
2022-10-20,0.0409
2022-10-21,0.0409
2022-10-24,0.0416
2022-10-25,0.0414
2022-10-26,0.0411
2022-10-27,0.0413
2022-10-28,0.0418
2022-10-31,0.0422
2022-11-01,0.0423
2022-11-02,0.0422
2022-11-03,0.0425
2022-11-04,0.0421
2022-11-07,0.0429
2022-11-08,0.0428
2022-11-09,0.0429
2022-11-10,0.0428
2022-11-14,0.0434
2022-11-15,0.0431
2022-11-16,0.0432
2022-11-17,0.0432
2022-11-18,0.0434
2022-11-21,0.0441
2022-11-22,0.044
2022-11-23,0.044
2022-11-25,0.0441
2022-11-28,0.0441
2022-11-29,0.0438
2022-11-30,0.0437
2022-12-01,0.0433
2022-12-02,0.0434
2022-12-05,0.0436
2022-12-06,0.0437
2022-12-07,0.0429
2022-12-08,0.0428
2022-12-09,0.0431
2022-12-12,0.0438
2022-12-13,0.0435
2022-12-14,0.0433
2022-12-15,0.0434
2022-12-16,0.0431
2022-12-19,0.0437
2022-12-20,0.0435
2022-12-21,0.0433
2022-12-22,0.0435
2022-12-23,0.0434
2022-12-27,0.0446
2022-12-28,0.0446
2022-12-29,0.0445
2022-12-30,0.0442
2023-01-03,0.0453
2023-01-04,0.0455
2023-01-05,0.0466
2023-01-06,0.0467
2023-01-09,0.047
2023-01-10,0.0473
2023-01-11,0.0472
2023-01-12,0.0466
2023-01-13,0.0467
2023-01-17,0.0471
2023-01-18,0.0469
2023-01-19,0.0471
2023-01-20,0.0472
2023-01-23,0.0473
2023-01-24,0.0472
2023-01-25,0.0472
2023-01-26,0.0471
2023-01-27,0.0473
2023-01-30,0.0472
2023-01-31,0.047
2023-02-01,0.0466
2023-02-02,0.0466
2023-02-03,0.047
2023-02-06,0.0471
2023-02-07,0.0471
2023-02-08,0.0472
2023-02-09,0.0477
2023-02-10,0.0479
2023-02-13,0.0481
2023-02-14,0.048
2023-02-15,0.0479
2023-02-16,0.0484
2023-02-17,0.0484
2023-02-21,0.0486
2023-02-22,0.0484
2023-02-23,0.0484
2023-02-24,0.0486
2023-02-27,0.0489
2023-02-28,0.0488
2023-03-01,0.049
2023-03-02,0.0491
2023-03-03,0.0491
2023-03-06,0.0493
2023-03-07,0.0504
2023-03-08,0.0506
2023-03-09,0.0505
2023-03-10,0.0501
2023-03-13,0.0487
2023-03-14,0.0488
2023-03-15,0.0475
2023-03-16,0.0474
2023-03-17,0.0452
2023-03-20,0.0481
2023-03-21,0.0478
2023-03-22,0.0479
2023-03-23,0.0473
2023-03-24,0.0474
2023-03-27,0.0491
2023-03-28,0.048
2023-03-29,0.048
2023-03-30,0.0497
2023-03-31,0.0485
2023-04-03,0.049
2023-04-04,0.0488
2023-04-05,0.0486
2023-04-06,0.0491
2023-04-07,0.0495
2023-04-10,0.0508
2023-04-11,0.0504
2023-04-12,0.0502
2023-04-13,0.051
2023-04-14,0.0514
2023-04-17,0.0521
2023-04-18,0.052
2023-04-19,0.0516
2023-04-20,0.0512
2023-04-21,0.0514
2023-04-24,0.052
2023-04-25,0.0512
2023-04-26,0.0516
2023-04-27,0.0518
2023-04-28,0.051
2023-05-01,0.0527
2023-05-02,0.0524
2023-05-03,0.0526
2023-05-04,0.0526
2023-05-05,0.0526
2023-05-08,0.0531
2023-05-09,0.0529
2023-05-10,0.0524
2023-05-11,0.052
2023-05-12,0.0525
2023-05-15,0.0521
2023-05-16,0.0523
2023-05-17,0.0526
2023-05-18,0.0531
2023-05-19,0.0529
2023-05-22,0.054
2023-05-23,0.0534
2023-05-24,0.0537
2023-05-25,0.0538
2023-05-26,0.0534
2023-05-30,0.0555
2023-05-31,0.0552
2023-06-01,0.055
2023-06-02,0.055
2023-06-05,0.0546
2023-06-06,0.0544
2023-06-07,0.0542
2023-06-08,0.0538
2023-06-09,0.0537
2023-06-12,0.054
2023-06-13,0.0536
2023-06-14,0.0536
2023-06-15,0.0533
2023-06-16,0.0534
2023-06-20,0.0539
2023-06-21,0.054
2023-06-22,0.054
2023-06-23,0.0541
2023-06-26,0.055
2023-06-27,0.0544
2023-06-28,0.0544
2023-06-29,0.0546
2023-06-30,0.0543
2023-07-03,0.0544
2023-07-05,0.0544
2023-07-06,0.0546
2023-07-07,0.0546
2023-07-10,0.0548
2023-07-11,0.0549
2023-07-12,0.0547
2023-07-13,0.0547
2023-07-14,0.0549
2023-07-17,0.0549
2023-07-18,0.0549
2023-07-19,0.0549
2023-07-20,0.0549
2023-07-21,0.055
2023-07-24,0.0551
2023-07-25,0.0551
2023-07-26,0.0551
2023-07-27,0.0551
2023-07-28,0.0552
2023-07-31,0.0555
2023-08-01,0.0554
2023-08-02,0.0553
2023-08-03,0.0554
2023-08-04,0.0554
2023-08-07,0.0556
2023-08-08,0.0557
2023-08-09,0.0555
2023-08-10,0.0554
2023-08-11,0.0554
2023-08-14,0.0556
2023-08-15,0.0556
2023-08-16,0.0556
2023-08-17,0.0556
2023-08-18,0.0555
2023-08-21,0.0557
2023-08-22,0.0557
2023-08-23,0.0557
2023-08-24,0.0558
2023-08-25,0.0561
2023-08-28,0.0558
2023-08-29,0.0556
2023-08-30,0.0556
2023-08-31,0.0556
2023-09-01,0.0553
2023-09-05,0.0555
2023-09-06,0.0555
2023-09-07,0.0553
2023-09-08,0.0555
2023-09-11,0.0555
2023-09-12,0.0556
2023-09-13,0.0555
2023-09-14,0.0555
2023-09-15,0.0556
2023-09-18,0.0555
2023-09-19,0.0554
2023-09-20,0.0556
2023-09-21,0.0557
2023-09-22,0.0556
2023-09-25,0.0558
2023-09-26,0.0558
2023-09-27,0.0558
2023-09-28,0.0556
2023-09-29,0.0555
2023-10-02,0.0562
2023-10-03,0.0562
2023-10-04,0.0561
2023-10-05,0.0561
2023-10-06,0.0563
2023-10-10,0.0561
2023-10-11,0.0561
2023-10-12,0.0563
2023-10-13,0.0562
2023-10-16,0.0561
2023-10-17,0.0562
2023-10-18,0.0561
2023-10-19,0.056
2023-10-20,0.0558
2023-10-23,0.0558
2023-10-24,0.0558
2023-10-25,0.0559
2023-10-26,0.0559
2023-10-27,0.0559
2023-10-30,0.056
2023-10-31,0.0559
2023-11-01,0.0557
2023-11-02,0.0554
2023-11-03,0.0553
2023-11-06,0.0556
2023-11-07,0.0555
2023-11-08,0.0554
2023-11-09,0.0554
2023-11-10,0.0553
2023-11-13,0.0555
2023-11-14,0.0552
2023-11-15,0.0553
2023-11-16,0.0551
2023-11-17,0.055
2023-11-20,0.0554
2023-11-21,0.0553
2023-11-22,0.0554
2023-11-24,0.0554
2023-11-27,0.0549
2023-11-28,0.0547
2023-11-29,0.0545
2023-11-30,0.0545
2023-12-01,0.0543
2023-12-04,0.0546
2023-12-05,0.0545
2023-12-06,0.0545
2023-12-07,0.0544
2023-12-08,0.0544
2023-12-11,0.0547
2023-12-12,0.0546
2023-12-13,0.0544
2023-12-14,0.0543
2023-12-15,0.0544
2023-12-18,0.0546
2023-12-19,0.0543
2023-12-20,0.0544
2023-12-21,0.0542
2023-12-22,0.0544
2023-12-26,0.0545
2023-12-27,0.0544
2023-12-28,0.0545
2023-12-29,0.054
2024-01-02,0.0546
2024-01-03,0.0548
2024-01-04,0.0548
2024-01-05,0.0547
2024-01-08,0.0549
2024-01-09,0.0547
2024-01-10,0.0546
2024-01-11,0.0546
2024-01-12,0.0545
2024-01-16,0.0545
2024-01-17,0.0547
2024-01-18,0.0545
2024-01-19,0.0545
2024-01-22,0.0546
2024-01-23,0.0545
2024-01-24,0.0544
2024-01-25,0.0544
2024-01-26,0.0544
2024-01-29,0.0542
2024-01-30,0.0542
2024-01-31,0.0542
2024-02-01,0.0542
2024-02-02,0.0543
2024-02-05,0.0542
2024-02-06,0.0544
2024-02-07,0.0543
2024-02-08,0.0544
2024-02-09,0.0544
2024-02-12,0.0543
2024-02-13,0.0545
2024-02-14,0.0543
2024-02-15,0.0543
2024-02-16,0.0544
2024-02-20,0.0544
2024-02-21,0.0544
2024-02-22,0.0545
2024-02-23,0.0546
2024-02-26,0.0547
2024-02-27,0.0545
2024-02-28,0.0545
2024-02-29,0.0545
2024-03-01,0.0542
2024-03-04,0.0548
2024-03-05,0.0547
2024-03-06,0.0547
2024-03-07,0.0547
2024-03-08,0.0546
2024-03-11,0.0548
2024-03-12,0.0548
2024-03-13,0.0548
2024-03-14,0.0548
2024-03-15,0.0548
2024-03-18,0.0548
2024-03-19,0.0548
2024-03-20,0.0547
2024-03-21,0.0548
2024-03-22,0.0546
2024-03-25,0.0546
2024-03-26,0.0546
2024-03-27,0.0545
2024-03-28,0.0546
2024-04-01,0.0544
2024-04-02,0.0542
2024-04-03,0.0542
2024-04-04,0.0541
2024-04-05,0.0543
2024-04-08,0.0543
2024-04-09,0.0543
2024-04-10,0.0545
2024-04-11,0.0545
2024-04-12,0.0545
2024-04-15,0.0545
2024-04-16,0.0545
2024-04-17,0.0545
2024-04-18,0.0546
2024-04-19,0.0545
2024-04-22,0.0542
2024-04-23,0.0545
2024-04-24,0.0546
2024-04-25,0.0547
2024-04-26,0.0546
2024-04-29,0.0545
2024-04-30,0.0546
2024-05-01,0.0546
2024-05-02,0.0546
2024-05-03,0.0545
2024-05-06,0.0545
2024-05-07,0.0545
2024-05-08,0.0545
2024-05-09,0.0546
2024-05-10,0.0547
2024-05-13,0.0545
2024-05-14,0.0544
2024-05-15,0.0545
2024-05-16,0.0545
2024-05-17,0.0546
2024-05-20,0.0545
2024-05-21,0.0545
2024-05-22,0.0545
2024-05-23,0.0546
2024-05-24,0.0546
2024-05-28,0.0546
2024-05-29,0.0546
2024-05-30,0.0546
2024-05-31,0.0546
2024-06-03,0.0552
2024-06-04,0.0552
2024-06-05,0.0551
2024-06-06,0.0551
2024-06-07,0.0552
2024-06-10,0.0552
2024-06-11,0.0552
2024-06-12,0.0551
2024-06-13,0.0551
2024-06-14,0.0551
2024-06-17,0.0552
2024-06-18,0.055
2024-06-20,0.055
2024-06-21,0.0549
2024-06-24,0.055
2024-06-25,0.0549
2024-06-26,0.055
2024-06-27,0.0549
2024-06-28,0.0548
2024-07-01,0.0547
2024-07-02,0.0547
2024-07-03,0.0547
2024-07-05,0.0546
2024-07-08,0.0546
2024-07-09,0.0546
2024-07-10,0.0546
2024-07-11,0.0544
2024-07-12,0.0543
2024-07-15,0.0543
2024-07-16,0.0543
2024-07-17,0.0543
2024-07-18,0.0543
2024-07-19,0.0543
2024-07-22,0.0543
2024-07-23,0.0541
2024-07-24,0.054
2024-07-25,0.0539
2024-07-26,0.0538
2024-07-29,0.0541
2024-07-30,0.054
2024-07-31,0.0541
2024-08-01,0.0537
2024-08-02,0.0529
2024-08-05,0.0535
2024-08-06,0.0534
2024-08-07,0.0534
2024-08-08,0.0534
2024-08-09,0.0533
2024-08-12,0.0533
2024-08-13,0.0532
2024-08-14,0.0532
2024-08-15,0.0534
2024-08-16,0.0533
2024-08-19,0.0531
2024-08-20,0.0529
2024-08-21,0.0526
2024-08-22,0.0528
2024-08-23,0.0525
2024-08-26,0.0524
2024-08-27,0.0523
2024-08-28,0.0521
2024-08-29,0.0522
2024-08-30,0.0521
2024-09-03,0.0519
2024-09-04,0.0518
2024-09-05,0.0515
2024-09-06,0.0513
2024-09-09,0.0511
2024-09-10,0.0506
2024-09-11,0.051
2024-09-12,0.0506
2024-09-13,0.0497
2024-09-16,0.0496
2024-09-17,0.0495
2024-09-18,0.0484
2024-09-19,0.048
2024-09-20,0.0475
2024-09-23,0.0472
2024-09-24,0.0469
2024-09-25,0.0469
2024-09-26,0.0468
2024-09-27,0.0468
2024-09-30,0.0473
2024-10-01,0.0471
2024-10-02,0.0469
2024-10-03,0.0468
2024-10-04,0.0473
2024-10-07,0.0477
2024-10-08,0.0475
2024-10-09,0.0475
2024-10-10,0.0475
2024-10-11,0.0473
2024-10-15,0.0473
2024-10-16,0.0472
2024-10-17,0.0474
2024-10-18,0.0473
2024-10-21,0.0473
2024-10-22,0.0472
2024-10-23,0.0473
2024-10-24,0.047
2024-10-25,0.0473
2024-10-28,0.047
2024-10-29,0.047
2024-10-30,0.0467
2024-10-31,0.0464
2024-11-01,0.0461
2024-11-04,0.0465
2024-11-05,0.0464
2024-11-06,0.0464
2024-11-07,0.0463
2024-11-08,0.0463
2024-11-12,0.0463
2024-11-13,0.046
2024-11-14,0.0461
2024-11-15,0.046
2024-11-18,0.0463
2024-11-19,0.0462
2024-11-20,0.0462
2024-11-21,0.0463
2024-11-22,0.0463
2024-11-25,0.0462
2024-11-26,0.0461
2024-11-27,0.046
2024-11-29,0.0458
2024-12-02,0.0451
2024-12-03,0.0449
2024-12-04,0.0447
2024-12-05,0.0446
2024-12-06,0.0442
2024-12-09,0.0442
2024-12-10,0.0441
2024-12-11,0.0438
2024-12-12,0.0435
2024-12-13,0.0434
2024-12-16,0.0437
2024-12-17,0.0438
2024-12-18,0.0436
2024-12-19,0.0435
2024-12-20,0.0434
2024-12-23,0.0436
2024-12-24,0.044
2024-12-26,0.0435
2024-12-27,0.0431
2024-12-30,0.0437
2024-12-31,0.0437
2025-01-02,0.0436
2025-01-03,0.0434
2025-01-06,0.0435
2025-01-07,0.0435
2025-01-08,0.0435
2025-01-09,0.0435
2025-01-10,0.0436
2025-01-13,0.0437
2025-01-14,0.0436
2025-01-15,0.0435
2025-01-16,0.0434
2025-01-17,0.0434
2025-01-21,0.0436
2025-01-22,0.0436
2025-01-23,0.0436
2025-01-24,0.0435
2025-01-27,0.0432
2025-01-28,0.0431
2025-01-29,0.0431
2025-01-30,0.043
2025-01-31,0.0431
2025-02-03,0.0434
2025-02-04,0.0433
2025-02-05,0.0433
2025-02-06,0.0434
2025-02-07,0.0435
2025-02-10,0.0435
2025-02-11,0.0435
2025-02-12,0.0435
2025-02-13,0.0434
2025-02-14,0.0434
2025-02-18,0.0434
2025-02-19,0.0434
2025-02-20,0.0433
2025-02-21,0.0432
2025-02-24,0.0431
2025-02-25,0.043
2025-02-26,0.0431
2025-02-27,0.0432
2025-02-28,0.0432
2025-03-03,0.0435
2025-03-04,0.0434
2025-03-05,0.0435
2025-03-06,0.0434
2025-03-07,0.0434
2025-03-10,0.0433
2025-03-11,0.0434
2025-03-12,0.0435
2025-03-13,0.0434
2025-03-14,0.0433
2025-03-17,0.0434
2025-03-18,0.0434
2025-03-19,0.0433
2025-03-20,0.0433
2025-03-21,0.0433
2025-03-24,0.0433
2025-03-25,0.0433
2025-03-26,0.0433
2025-03-27,0.0433
2025-03-28,0.0433
2025-03-31,0.0432
2025-04-01,0.0432
2025-04-02,0.0432
2025-04-03,0.0431
2025-04-04,0.0428
2025-04-07,0.0429
2025-04-08,0.0431
2025-04-09,0.0435
2025-04-10,0.0434
2025-04-11,0.0434
2025-04-14,0.0433
2025-04-15,0.0433
2025-04-16,0.0433
2025-04-17,0.0434
2025-04-21,0.0434
2025-04-22,0.0433
2025-04-23,0.0433
2025-04-24,0.0432
2025-04-25,0.0432
2025-04-28,0.0432
2025-04-29,0.0431
2025-04-30,0.0431
2025-05-01,0.0431
2025-05-02,0.0433
2025-05-05,0.0433
2025-05-06,0.0433
2025-05-07,0.0434
2025-05-08,0.0434
2025-05-09,0.0434
2025-05-12,0.0442
2025-05-13,0.0441
2025-05-14,0.0441
2025-05-15,0.0438
2025-05-16,0.0437
2025-05-19,0.0439
2025-05-20,0.0438
2025-05-21,0.0436
2025-05-22,0.0437
2025-05-23,0.0436
2025-05-27,0.0435
2025-05-28,0.0435
2025-05-29,0.0436
2025-05-30,0.0436
2025-06-02,0.0444
2025-06-03,0.0443
2025-06-04,0.0444
2025-06-05,0.0444
2025-06-06,0.0443
2025-06-09,0.0444
2025-06-10,0.0445
2025-06-11,0.0445
2025-06-12,0.0446
2025-06-13,0.0445
2025-06-16,0.0443
2025-06-17,0.0442
2025-06-18,0.0442
2025-06-20,0.0439
2025-06-23,0.0438
2025-06-24,0.0438
2025-06-25,0.0438
2025-06-26,0.0439
2025-06-27,0.0439
2025-06-30,0.0441
2025-07-01,0.044
2025-07-02,0.0441
2025-07-03,0.0442
2025-07-07,0.0442
2025-07-08,0.0442
2025-07-09,0.0442
2025-07-10,0.0442
2025-07-11,0.0441
2025-07-14,0.0442
2025-07-15,0.0442
2025-07-16,0.0441
2025-07-17,0.0441
2025-07-18,0.044
2025-07-21,0.0441
2025-07-22,0.0441
2025-07-23,0.0441
2025-07-24,0.0442
2025-07-25,0.0442
2025-07-28,0.044
2025-07-29,0.044
2025-07-30,0.0441
2025-07-31,0.0441
2025-08-01,0.0435
2025-08-04,0.0435
2025-08-05,0.0434
2025-08-06,0.0432
2025-08-07,0.0432
2025-08-08,0.0432
2025-08-11,0.0434
2025-08-12,0.0433
2025-08-13,0.0429
2025-08-14,0.043
2025-08-15,0.043
2025-08-18,0.0433
2025-08-19,0.043
2025-08-20,0.043
2025-08-21,0.0432
2025-08-22,0.0427
2025-08-25,0.0429
2025-08-26,0.0428
2025-08-27,0.0426
2025-08-28,0.0426
2025-08-29,0.0423
2025-09-02,0.042
2025-09-03,0.0418
2025-09-04,0.0416
2025-09-05,0.0407
2025-09-08,0.041
2025-09-09,0.041
2025-09-10,0.0409
2025-09-11,0.0408
2025-09-12,0.0408
2025-09-15,0.0406
2025-09-16,0.0404
2025-09-17,0.0402
2025-09-18,0.0403
2025-09-19,0.0403
2025-09-22,0.04
2025-09-23,0.04
2025-09-24,0.0402
2025-09-25,0.0404
2025-09-26,0.0402
2025-09-29,0.0404
2025-09-30,0.0402
2025-10-01,0.0401
2025-10-02,0.0402
2025-10-03,0.0403
2025-10-06,0.0402
2025-10-07,0.0401
2025-10-08,0.0401
2025-10-09,0.0403
2025-10-10,0.0402
2025-10-14,0.0402
2025-10-15,0.0403
2025-10-16,0.0402
2025-10-17,0.04
2025-10-20,0.0397
2025-10-21,0.0396
2025-10-22,0.0396
2025-10-23,0.0395
2025-10-24,0.0393
2025-10-27,0.0389
2025-10-28,0.0389
2025-10-29,0.0393
2025-10-30,0.0392
2025-10-31,0.0389
2025-11-03,0.0398
2025-11-04,0.0396
2025-11-05,0.0396
2025-11-06,0.0393
2025-11-07,0.0392
2025-11-10,0.0395
2025-11-12,0.0395
2025-11-13,0.0396
2025-11-14,0.0395
2025-11-17,0.0397
2025-11-18,0.0394
2025-11-19,0.0395
2025-11-20,0.0394
2025-11-21,0.039
2025-11-24,0.0391
2025-11-25,0.039
2025-11-26,0.0392
2025-11-28,0.0388
2025-12-01,0.0381
2025-12-02,0.0377
2025-12-03,0.0372
2025-12-04,0.0371
2025-12-05,0.0371
2025-12-08,0.0373
2025-12-09,0.0373
2025-12-10,0.0369
2025-12-11,0.0366
2025-12-12,0.0363
2025-12-15,0.0365
2025-12-16,0.0364
2025-12-17,0.0364
2025-12-18,0.0362
2025-12-19,0.0362
2025-12-22,0.0364
2025-12-23,0.0365
2025-12-24,0.0369
2025-12-26,0.0364
2025-12-29,0.0368
2025-12-30,0.0365
2025-12-31,0.0367
2026-01-02,0.0365
2026-01-05,0.0364
2026-01-06,0.0363
2026-01-07,0.0362
2026-01-08,0.0362
2026-01-09,0.0362
2026-01-12,0.0367
2026-01-13,0.0367
2026-01-14,0.0367
2026-01-15,0.0368
2026-01-16,0.0367
2026-01-20,0.037
2026-01-21,0.037
2026-01-22,0.0371
2026-01-23,0.037
2026-01-26,0.0367
2026-01-27,0.0367
2026-01-28,0.0368
2026-01-29,0.0367
2026-01-30,0.0367
2026-02-02,0.0369
2026-02-03,0.0369
2026-02-04,0.0369
2026-02-05,0.0367
2026-02-06,0.0368
2026-02-09,0.0369
2026-02-10,0.0369
2026-02-11,0.037
2026-02-12,0.037
2026-02-13,0.0368
2026-02-17,0.0369
2026-02-18,0.037
2026-02-19,0.0369
2026-02-20,0.0369
2026-02-23,0.0369
2026-02-24,0.0369
2026-02-25,0.0369
2026-02-26,0.0368
2026-02-27,0.0367
2026-03-02,0.0372
2026-03-03,0.0371
2026-03-04,0.0371
2026-03-05,0.037
2026-03-06,0.0369
2026-03-09,0.0371
2026-03-10,0.0371
2026-03-11,0.0371
2026-03-12,0.0372
2026-03-13,0.0372
2026-03-16,0.0372
2026-03-17,0.0372
2026-03-18,0.0373
2026-03-19,0.0373
2026-03-20,0.0374
2026-03-23,0.0374
2026-03-24,0.0374
2026-03-25,0.0373
2026-03-26,0.0373
2026-03-27,0.0373
2026-03-30,0.0371
2026-03-31,0.037
2026-04-01,0.037
2026-04-02,0.037
2026-04-03,0.0371
2026-04-06,0.0372
2026-04-07,0.0371
2026-04-08,0.0369
2026-04-09,0.0368
2026-04-10,0.0369
2026-04-13,0.0371
2026-04-14,0.0371
2026-04-15,0.0371
2026-04-16,0.037
2026-04-17,0.037
2026-04-20,0.0371
2026-04-21,0.0369
2026-04-22,0.0369
2026-04-23,0.0369
2026-04-24,0.0369
2026-04-27,0.0368
2026-04-28,0.0368
2026-04-29,0.0368
2026-04-30,0.0368
2026-05-01,0.0368
2026-05-04,0.037
2026-05-05,0.0369
2026-05-06,0.0369
2026-05-07,0.0369
2026-05-08,0.0369
2026-05-11,0.037
2026-05-12,0.037
2026-05-13,0.0369
2026-05-14,0.0369
2026-05-15,0.0369
2026-05-18,0.0368
2026-05-19,0.0367
2026-05-20,0.0365
2026-05-21,0.0368
2026-05-22,0.0368
2026-05-26,0.0368
2026-05-27,0.0368
2026-05-28,0.0369
2026-05-29,0.0369
2026-06-01,0.0378
2026-06-02,0.0377
2026-06-03,0.0378
2026-06-04,0.0378
2026-06-05,0.0378
2026-06-08,0.038
2026-06-09,0.0379
2026-06-10,0.0379
2026-06-11,0.0378
2026-06-12,0.0378
2026-06-15,0.0379
2026-06-16,0.0379
2026-06-17,0.0383
2026-06-18,0.0383
2026-06-22,0.0385
2026-06-23,0.0385
2026-06-24,0.0385
2026-06-25,0.0384
2026-06-26,0.0383
2026-06-29,0.0387
2026-06-30,0.0387
2026-07-01,0.0385
2026-07-02,0.0382
2026-07-06,0.0387
2026-07-07,0.0386
2026-07-08,0.0387
2026-07-09,0.0383
2026-07-10,0.0385
2026-07-13,0.0389
2026-07-14,0.0384
2026-07-15,0.0383
2026-07-16,0.0384
2026-07-17,0.0385
2026-07-20,0.0386
2026-07-21,0.0387
2026-07-22,0.0389
2026-07-23,0.0395
2026-07-24,0.0396
2026-07-27,0.0396
2026-07-28,0.039
2026-07-29,0.0383
2026-07-30,0.0382
2026-07-31,0.0383
2026-08-03,0.0391
2026-08-04,0.0389
2026-08-05,0.0389
2026-08-06,0.039
2026-08-07,0.0387
2026-08-10,0.0389
2026-08-11,0.0389
2026-08-12,0.0387
2026-08-13,0.0387
2026-08-14,0.0386
2026-08-17,0.0387
2026-08-18,0.0386
2026-08-19,0.0386
2026-08-20,0.0387
2026-08-21,0.0388
2026-08-24,0.0387
2026-08-25,0.0386
2026-08-26,0.0385
2026-08-27,0.0384
2026-08-28,0.039
2026-08-31,0.0391
2026-09-01,0.0392
2026-09-02,0.0392
2026-09-03,0.0389
2026-09-04,0.0391
2026-09-08,0.0394
2026-09-09,0.0395
2026-09-10,0.04
2026-09-11,0.0407
2026-09-14,0.0411
2026-09-15,0.0411
